_id,firstName,lastName,email,password,role,forcePasswordReset,isActive,designation,updatedAt,skills,createdAt,__v
6607cde33e2c6656855359e0,Admin,Admin,admin@example.com,$2b$10$TSU6S337XsOqWgq2ahceuOEroN6PFi5FNBGZXI5x0ttbg9xnla2V6,admin,False,True,Architect,2024-04-01 15:51:14.077,[],2024-03-30 08:31:31.626,0.0
6607d1475162a636379e9834,HARSH,SINGH,harshsingh@jmangroup.com,$2b$10$SntQi7I6pN9n4LRhZuWosuGPdoVW/Y/Np2r01mObg3BkxHpu9E0jW,user,False,True,Principal Architect,2024-04-02 17:45:16.655,"[ObjectId('660ad8126191edfc3a9e3855'), ObjectId('660ad8b36191edfc3a9e38b7'), ObjectId('660b9eb9b6356d4407901d73'), ObjectId('660b9fcfb6356d4407901d87'), ObjectId('660ba05fb6356d4407901da0'), ObjectId('660ba0d4b6356d4407901db2'), ObjectId('660ba1c2b6356d4407901dc3'), ObjectId('660ba1dbb6356d4407901dd2'), ObjectId('660ba3bbb6356d4407901e17'), ObjectId('660bb0fb8eb665ae15563543'), ObjectId('660bd72d9968820a868f5a74'), ObjectId('660bd7359968820a868f5a7d'), ObjectId('660bdc079968820a868f5f89'), ObjectId('660bdc8b9968820a868f679f'), ObjectId('660bfae69968820a868f990e'), ObjectId('660c15b34b4a5aed8e4dc012'), ObjectId('660ce87c5e2974cbb6328def')]",2024-03-30 08:45:59.698,1.0
66080b1eb85746ebc7e4064f,Rajib,Parbat,rajibparbat@jmangroup.com,$2b$10$28dKc0BaBKB7jNQzMPUoNu9FiEeqa1yyyEsbuZFTZAFT1Z1vjuYFy,user,False,True,Sr. Software Engineer,2024-04-02 17:45:23.149,"[ObjectId('660b07f449d83dfc1e83952d'), ObjectId('660c161a4b4a5aed8e4dd32b'), ObjectId('660c16734b4a5aed8e4de48e')]",2024-03-30 12:52:46.258,1.0
66080b98b85746ebc7e40654,swarnadeep,pramanik,swarnadeep@jmangroup.com,$2b$10$U14T8pbN2Hjq.2KhOjO2iO9tvYp5r1KsvS/Jl7.mhkkt4IDQA8Vqe,user,False,True,Solution Enabler,2024-04-03 05:33:23.926,"[ObjectId('660bfb8c9968820a868fbc96'), ObjectId('660ce9e35e2974cbb6329ac1'), ObjectId('660ce9f95e2974cbb6329fcc'), ObjectId('660cea435e2974cbb632a64f')]",2024-03-30 12:54:48.648,1.0
660c44e1031dafee85d11d05,mirror,acctwo,mirroracctwo@gmail.com,$2b$10$AsjVM7JUwOmJgVXgMUkEM.fh7KfSO.z90U5iKqg9mZPbH0pup0S0u,admin,True,True,Solution Enabler,2024-04-02 17:50:11.422,[],2024-04-02 17:48:17.143,0.0
660ce9075e2974cbb6329329,Kunal,Kishore,kunalkishore1807@gmail.com,$2b$10$qePNanhcap4.7o8uni8CkuDRrxYmbSeDcTdD56h8RTQjvh0C2FkeG,user,False,True,Consultant,2024-04-03 05:30:59.290,"[ObjectId('660d7eecb469a535557aa59e'), ObjectId('660d7f8fb469a535557aa7ed'), ObjectId('66100779b8422610d4b0594a'), ObjectId('661008e8b8422610d4b059a9')]",2024-04-03 05:28:39.596,0.0
6612946baddf941b98f24bcb,Kimberly,Lara,bgray@example.net,$2b$10$SntQi7I6pN9n4LRhZuWosuGPdoVW/Y/Np2r01mObg3BkxHpu9E0jW,admin,False,True,Solution Enabler,,,,
6612946baddf941b98f24bcc,Kevin,Cooper,xmiles@example.net,$2b$10$SntQi7I6pN9n4LRhZuWosuGPdoVW/Y/Np2r01mObg3BkxHpu9E0jW,admin,False,True,Sr. Software Engineer,,,,
6612946baddf941b98f24bcd,Daniel,Fernandez,larry54@example.org,$2b$10$SntQi7I6pN9n4LRhZuWosuGPdoVW/Y/Np2r01mObg3BkxHpu9E0jW,user,False,True,Software Engineer,,,,
6612946baddf941b98f24bce,Stephanie,Small,lisa24@example.org,$2b$10$SntQi7I6pN9n4LRhZuWosuGPdoVW/Y/Np2r01mObg3BkxHpu9E0jW,user,False,True,Consultant,,,,
6612946baddf941b98f24bcf,Joshua,Johnson,brandon15@example.org,$2b$10$SntQi7I6pN9n4LRhZuWosuGPdoVW/Y/Np2r01mObg3BkxHpu9E0jW,admin,False,True,Architect,,,,
6612946baddf941b98f24bd0,Charles,Scott,crosbydaniel@example.com,$2b$10$SntQi7I6pN9n4LRhZuWosuGPdoVW/Y/Np2r01mObg3BkxHpu9E0jW,admin,False,True,Consultant,,,,
6612946baddf941b98f24bd1,Angela,Green,graceboone@example.com,$2b$10$SntQi7I6pN9n4LRhZuWosuGPdoVW/Y/Np2r01mObg3BkxHpu9E0jW,user,False,True,Consultant,,,,
6612946baddf941b98f24bd2,Brittany,Castillo,fcarlson@example.org,$2b$10$SntQi7I6pN9n4LRhZuWosuGPdoVW/Y/Np2r01mObg3BkxHpu9E0jW,user,False,True,Solution Enabler,,,,
6612946baddf941b98f24bd3,Matthew,Thomas,kendramoore@example.com,$2b$10$SntQi7I6pN9n4LRhZuWosuGPdoVW/Y/Np2r01mObg3BkxHpu9E0jW,admin,False,True,Solution Enabler,,,,
6612946baddf941b98f24bd4,Daniel,Pittman,graymichelle@example.org,$2b$10$SntQi7I6pN9n4LRhZuWosuGPdoVW/Y/Np2r01mObg3BkxHpu9E0jW,admin,False,True,Principal Architect,,,,
6612946baddf941b98f24bd5,Terri,Adams,baileybilly@example.org,$2b$10$SntQi7I6pN9n4LRhZuWosuGPdoVW/Y/Np2r01mObg3BkxHpu9E0jW,user,False,True,Principal Architect,,,,
6612946caddf941b98f24bd6,Meredith,Grant,pbrown@example.org,$2b$10$SntQi7I6pN9n4LRhZuWosuGPdoVW/Y/Np2r01mObg3BkxHpu9E0jW,admin,False,True,Solution Enabler,,,,
6612946caddf941b98f24bd7,Franklin,Reyes,wendyaguilar@example.net,$2b$10$SntQi7I6pN9n4LRhZuWosuGPdoVW/Y/Np2r01mObg3BkxHpu9E0jW,user,False,True,Architect,,,,
6612946caddf941b98f24bd8,Anthony,Edwards,mparker@example.net,$2b$10$SntQi7I6pN9n4LRhZuWosuGPdoVW/Y/Np2r01mObg3BkxHpu9E0jW,user,False,True,Sr. Software Engineer,,,,
6612946caddf941b98f24bd9,Shelby,Smith,erussell@example.com,$2b$10$SntQi7I6pN9n4LRhZuWosuGPdoVW/Y/Np2r01mObg3BkxHpu9E0jW,user,False,True,Solution Enabler,,,,
6612946caddf941b98f24bda,Shelia,Raymond,mharris@example.com,$2b$10$SntQi7I6pN9n4LRhZuWosuGPdoVW/Y/Np2r01mObg3BkxHpu9E0jW,admin,False,True,Solution Enabler,,,,
6612946caddf941b98f24bdb,Danielle,Chambers,brian93@example.com,$2b$10$SntQi7I6pN9n4LRhZuWosuGPdoVW/Y/Np2r01mObg3BkxHpu9E0jW,user,False,True,Consultant,,,,
6612946caddf941b98f24bdc,Lauren,Mack,lesliepark@example.org,$2b$10$SntQi7I6pN9n4LRhZuWosuGPdoVW/Y/Np2r01mObg3BkxHpu9E0jW,user,False,True,Architect,,,,
6612946caddf941b98f24bdd,Alan,Hayes,thomas64@example.net,$2b$10$SntQi7I6pN9n4LRhZuWosuGPdoVW/Y/Np2r01mObg3BkxHpu9E0jW,user,False,True,Principal Architect,,,,
6612946caddf941b98f24bde,Renee,Rivera,tannerrobertson@example.net,$2b$10$SntQi7I6pN9n4LRhZuWosuGPdoVW/Y/Np2r01mObg3BkxHpu9E0jW,user,False,True,Consultant,,,,
6612946caddf941b98f24bdf,Julia,Thompson,daviddunn@example.net,$2b$10$SntQi7I6pN9n4LRhZuWosuGPdoVW/Y/Np2r01mObg3BkxHpu9E0jW,user,False,True,Principal Architect,,,,
6612946caddf941b98f24be0,Janice,Lee,martinezjeremiah@example.net,$2b$10$SntQi7I6pN9n4LRhZuWosuGPdoVW/Y/Np2r01mObg3BkxHpu9E0jW,admin,False,True,Architect,,,,
6612946caddf941b98f24be1,Marcus,Monroe,larsontracy@example.net,$2b$10$SntQi7I6pN9n4LRhZuWosuGPdoVW/Y/Np2r01mObg3BkxHpu9E0jW,admin,False,True,Sr. Software Engineer,,,,
6612946caddf941b98f24be2,Michael,Alvarado,christopher59@example.net,$2b$10$SntQi7I6pN9n4LRhZuWosuGPdoVW/Y/Np2r01mObg3BkxHpu9E0jW,user,False,True,Consultant,,,,
6612946caddf941b98f24be3,Robert,Chavez,cristinagarcia@example.com,$2b$10$SntQi7I6pN9n4LRhZuWosuGPdoVW/Y/Np2r01mObg3BkxHpu9E0jW,admin,False,True,Principal Architect,,,,
6612946caddf941b98f24be4,David,Martinez,dhart@example.net,$2b$10$SntQi7I6pN9n4LRhZuWosuGPdoVW/Y/Np2r01mObg3BkxHpu9E0jW,user,False,True,Solution Enabler,,,,
6612946caddf941b98f24be5,Patrick,Garcia,alexandriacox@example.net,$2b$10$SntQi7I6pN9n4LRhZuWosuGPdoVW/Y/Np2r01mObg3BkxHpu9E0jW,user,False,True,Solution Enabler,,,,
6612946caddf941b98f24be6,David,Petersen,amanda39@example.com,$2b$10$SntQi7I6pN9n4LRhZuWosuGPdoVW/Y/Np2r01mObg3BkxHpu9E0jW,user,False,True,Software Engineer,,,,
6612946daddf941b98f24be7,Timothy,Harris,laurenwilcox@example.com,$2b$10$SntQi7I6pN9n4LRhZuWosuGPdoVW/Y/Np2r01mObg3BkxHpu9E0jW,admin,False,True,Sr. Software Engineer,,,,
6612946daddf941b98f24be8,John,Murphy,joshuareyes@example.com,$2b$10$SntQi7I6pN9n4LRhZuWosuGPdoVW/Y/Np2r01mObg3BkxHpu9E0jW,user,False,True,Architect,,,,
6612946daddf941b98f24be9,Sarah,Brown,tgray@example.com,$2b$10$SntQi7I6pN9n4LRhZuWosuGPdoVW/Y/Np2r01mObg3BkxHpu9E0jW,admin,False,True,Principal Architect,,,,
6612946daddf941b98f24bea,Mary,Kane,amandashepard@example.org,$2b$10$SntQi7I6pN9n4LRhZuWosuGPdoVW/Y/Np2r01mObg3BkxHpu9E0jW,user,False,True,Solution Enabler,,,,
6612946daddf941b98f24beb,John,Hall,estrong@example.net,$2b$10$SntQi7I6pN9n4LRhZuWosuGPdoVW/Y/Np2r01mObg3BkxHpu9E0jW,user,False,True,Architect,,,,
6612946daddf941b98f24bec,Alexander,Wade,gadams@example.com,$2b$10$SntQi7I6pN9n4LRhZuWosuGPdoVW/Y/Np2r01mObg3BkxHpu9E0jW,user,False,True,Consultant,,,,
6612946daddf941b98f24bed,Michael,Haynes,ortizfaith@example.net,$2b$10$SntQi7I6pN9n4LRhZuWosuGPdoVW/Y/Np2r01mObg3BkxHpu9E0jW,user,False,True,Consultant,,,,
6612946daddf941b98f24bee,Todd,Herrera,qsawyer@example.net,$2b$10$SntQi7I6pN9n4LRhZuWosuGPdoVW/Y/Np2r01mObg3BkxHpu9E0jW,admin,False,True,Principal Architect,,,,
6612946daddf941b98f24bef,Sonya,Brown,jsweeney@example.com,$2b$10$SntQi7I6pN9n4LRhZuWosuGPdoVW/Y/Np2r01mObg3BkxHpu9E0jW,admin,False,True,Sr. Software Engineer,,,,
6612946daddf941b98f24bf0,Lisa,Shaw,halearthur@example.com,$2b$10$SntQi7I6pN9n4LRhZuWosuGPdoVW/Y/Np2r01mObg3BkxHpu9E0jW,user,False,True,Software Engineer,,,,
6612946daddf941b98f24bf1,Sandra,Hull,michael43@example.com,$2b$10$SntQi7I6pN9n4LRhZuWosuGPdoVW/Y/Np2r01mObg3BkxHpu9E0jW,admin,False,True,Software Engineer,,,,
6612946daddf941b98f24bf2,Brenda,Pierce,scantu@example.net,$2b$10$SntQi7I6pN9n4LRhZuWosuGPdoVW/Y/Np2r01mObg3BkxHpu9E0jW,admin,False,True,Architect,,,,
6612946daddf941b98f24bf3,Jonathan,Gonzalez,maciasallison@example.net,$2b$10$SntQi7I6pN9n4LRhZuWosuGPdoVW/Y/Np2r01mObg3BkxHpu9E0jW,admin,False,True,Consultant,,,,
6612946daddf941b98f24bf4,Julie,Howard,jesus02@example.com,$2b$10$SntQi7I6pN9n4LRhZuWosuGPdoVW/Y/Np2r01mObg3BkxHpu9E0jW,admin,False,True,Software Engineer,,,,
6612946daddf941b98f24bf5,Tyrone,Reyes,mark76@example.net,$2b$10$SntQi7I6pN9n4LRhZuWosuGPdoVW/Y/Np2r01mObg3BkxHpu9E0jW,user,False,True,Consultant,,,,
6612946eaddf941b98f24bf6,April,Jordan,michaelsmith@example.com,$2b$10$SntQi7I6pN9n4LRhZuWosuGPdoVW/Y/Np2r01mObg3BkxHpu9E0jW,admin,False,True,Consultant,,,,
6612946eaddf941b98f24bf7,Ariana,Livingston,ahamilton@example.net,$2b$10$SntQi7I6pN9n4LRhZuWosuGPdoVW/Y/Np2r01mObg3BkxHpu9E0jW,admin,False,True,Consultant,,,,
6612946eaddf941b98f24bf8,Kelly,Mejia,jamiewarner@example.org,$2b$10$SntQi7I6pN9n4LRhZuWosuGPdoVW/Y/Np2r01mObg3BkxHpu9E0jW,admin,False,True,Principal Architect,,,,
6612946eaddf941b98f24bf9,Brian,Arnold,gmedina@example.net,$2b$10$SntQi7I6pN9n4LRhZuWosuGPdoVW/Y/Np2r01mObg3BkxHpu9E0jW,admin,False,True,Sr. Software Engineer,,,,
6612946eaddf941b98f24bfa,Sarah,Wiley,stephanie05@example.com,$2b$10$SntQi7I6pN9n4LRhZuWosuGPdoVW/Y/Np2r01mObg3BkxHpu9E0jW,admin,False,True,Solution Enabler,,,,
6612946eaddf941b98f24bfb,Casey,Blackwell,sarah90@example.net,$2b$10$SntQi7I6pN9n4LRhZuWosuGPdoVW/Y/Np2r01mObg3BkxHpu9E0jW,admin,False,True,Software Engineer,,,,
6612946eaddf941b98f24bfc,Jasmin,Hill,qmontoya@example.com,$2b$10$SntQi7I6pN9n4LRhZuWosuGPdoVW/Y/Np2r01mObg3BkxHpu9E0jW,user,False,True,Consultant,,,,
6612946eaddf941b98f24bfd,Crystal,Lee,amandasimpson@example.net,$2b$10$SntQi7I6pN9n4LRhZuWosuGPdoVW/Y/Np2r01mObg3BkxHpu9E0jW,user,False,True,Principal Architect,,,,
6612946eaddf941b98f24bfe,Jennifer,Patel,adamjimenez@example.com,$2b$10$SntQi7I6pN9n4LRhZuWosuGPdoVW/Y/Np2r01mObg3BkxHpu9E0jW,admin,False,True,Consultant,,,,
6612946eaddf941b98f24bff,Andrea,Blair,michaeltaylor@example.org,$2b$10$SntQi7I6pN9n4LRhZuWosuGPdoVW/Y/Np2r01mObg3BkxHpu9E0jW,user,False,True,Sr. Software Engineer,,,,
6612946eaddf941b98f24c00,Grant,Malone,sherrywood@example.org,$2b$10$SntQi7I6pN9n4LRhZuWosuGPdoVW/Y/Np2r01mObg3BkxHpu9E0jW,user,False,True,Architect,,,,
6612946eaddf941b98f24c01,Katherine,Miller,lancegreen@example.net,$2b$10$SntQi7I6pN9n4LRhZuWosuGPdoVW/Y/Np2r01mObg3BkxHpu9E0jW,admin,False,True,Software Engineer,,,,
6612946eaddf941b98f24c02,John,Scott,arthurhunt@example.org,$2b$10$SntQi7I6pN9n4LRhZuWosuGPdoVW/Y/Np2r01mObg3BkxHpu9E0jW,user,False,True,Solution Enabler,,,,
6612946eaddf941b98f24c03,Christopher,Rasmussen,johnsonscott@example.org,$2b$10$SntQi7I6pN9n4LRhZuWosuGPdoVW/Y/Np2r01mObg3BkxHpu9E0jW,admin,False,True,Consultant,,,,
6612946eaddf941b98f24c04,Lindsay,Frazier,xpadilla@example.org,$2b$10$SntQi7I6pN9n4LRhZuWosuGPdoVW/Y/Np2r01mObg3BkxHpu9E0jW,admin,False,True,Architect,,,,
6612946eaddf941b98f24c05,Gloria,Arellano,tfreeman@example.org,$2b$10$SntQi7I6pN9n4LRhZuWosuGPdoVW/Y/Np2r01mObg3BkxHpu9E0jW,admin,False,True,Solution Enabler,,,,
6612946faddf941b98f24c06,William,Santos,samanthabutler@example.com,$2b$10$SntQi7I6pN9n4LRhZuWosuGPdoVW/Y/Np2r01mObg3BkxHpu9E0jW,user,False,True,Solution Enabler,,,,
6612946faddf941b98f24c07,Teresa,Cunningham,davisbarbara@example.net,$2b$10$SntQi7I6pN9n4LRhZuWosuGPdoVW/Y/Np2r01mObg3BkxHpu9E0jW,admin,False,True,Solution Enabler,,,,
6612946faddf941b98f24c08,Christopher,White,kennethanderson@example.org,$2b$10$SntQi7I6pN9n4LRhZuWosuGPdoVW/Y/Np2r01mObg3BkxHpu9E0jW,user,False,True,Solution Enabler,,,,
6612946faddf941b98f24c09,Sue,Young,tracy97@example.com,$2b$10$SntQi7I6pN9n4LRhZuWosuGPdoVW/Y/Np2r01mObg3BkxHpu9E0jW,admin,False,True,Sr. Software Engineer,,,,
6612946faddf941b98f24c0a,Kelly,Hanson,zfernandez@example.com,$2b$10$SntQi7I6pN9n4LRhZuWosuGPdoVW/Y/Np2r01mObg3BkxHpu9E0jW,user,False,True,Principal Architect,,,,
6612946faddf941b98f24c0b,Gerald,Cummings,andrewwilson@example.com,$2b$10$SntQi7I6pN9n4LRhZuWosuGPdoVW/Y/Np2r01mObg3BkxHpu9E0jW,admin,False,True,Sr. Software Engineer,,,,
6612946faddf941b98f24c0c,Amanda,Johnson,ssanders@example.org,$2b$10$SntQi7I6pN9n4LRhZuWosuGPdoVW/Y/Np2r01mObg3BkxHpu9E0jW,admin,False,True,Consultant,,,,
6612946faddf941b98f24c0d,Natalie,Quinn,vazquezheather@example.org,$2b$10$SntQi7I6pN9n4LRhZuWosuGPdoVW/Y/Np2r01mObg3BkxHpu9E0jW,user,False,True,Sr. Software Engineer,,,,
6612946faddf941b98f24c0e,Heather,Cook,kaitlynfrazier@example.com,$2b$10$SntQi7I6pN9n4LRhZuWosuGPdoVW/Y/Np2r01mObg3BkxHpu9E0jW,admin,False,True,Sr. Software Engineer,,,,
6612946faddf941b98f24c0f,Kristy,Bowman,davidnielsen@example.com,$2b$10$SntQi7I6pN9n4LRhZuWosuGPdoVW/Y/Np2r01mObg3BkxHpu9E0jW,admin,False,True,Principal Architect,,,,
6612946faddf941b98f24c10,Melissa,Norris,patricia25@example.org,$2b$10$SntQi7I6pN9n4LRhZuWosuGPdoVW/Y/Np2r01mObg3BkxHpu9E0jW,admin,False,True,Principal Architect,,,,
6612946faddf941b98f24c11,Nicole,Young,shelleydavis@example.com,$2b$10$SntQi7I6pN9n4LRhZuWosuGPdoVW/Y/Np2r01mObg3BkxHpu9E0jW,user,False,True,Consultant,,,,
6612946faddf941b98f24c12,Todd,Soto,lgray@example.org,$2b$10$SntQi7I6pN9n4LRhZuWosuGPdoVW/Y/Np2r01mObg3BkxHpu9E0jW,user,False,True,Solution Enabler,,,,
6612946faddf941b98f24c13,Kevin,Cisneros,carterkayla@example.net,$2b$10$SntQi7I6pN9n4LRhZuWosuGPdoVW/Y/Np2r01mObg3BkxHpu9E0jW,admin,False,True,Architect,,,,
6612946faddf941b98f24c14,Nicole,Smith,robinsonmark@example.org,$2b$10$SntQi7I6pN9n4LRhZuWosuGPdoVW/Y/Np2r01mObg3BkxHpu9E0jW,user,False,True,Consultant,,,,
66129470addf941b98f24c15,Melissa,Griffith,castroelizabeth@example.org,$2b$10$SntQi7I6pN9n4LRhZuWosuGPdoVW/Y/Np2r01mObg3BkxHpu9E0jW,admin,False,True,Sr. Software Engineer,,,,
66129470addf941b98f24c16,Lauren,Herring,brandonowens@example.org,$2b$10$SntQi7I6pN9n4LRhZuWosuGPdoVW/Y/Np2r01mObg3BkxHpu9E0jW,user,False,True,Architect,,,,
66129470addf941b98f24c17,Stephanie,Casey,raven54@example.net,$2b$10$SntQi7I6pN9n4LRhZuWosuGPdoVW/Y/Np2r01mObg3BkxHpu9E0jW,admin,False,True,Consultant,,,,
66129470addf941b98f24c18,Aaron,Pugh,kellypeter@example.com,$2b$10$SntQi7I6pN9n4LRhZuWosuGPdoVW/Y/Np2r01mObg3BkxHpu9E0jW,admin,False,True,Principal Architect,,,,
66129470addf941b98f24c19,Matthew,Reyes,michael52@example.com,$2b$10$SntQi7I6pN9n4LRhZuWosuGPdoVW/Y/Np2r01mObg3BkxHpu9E0jW,admin,False,True,Sr. Software Engineer,,,,
66129470addf941b98f24c1a,Barbara,Thompson,lgamble@example.org,$2b$10$SntQi7I6pN9n4LRhZuWosuGPdoVW/Y/Np2r01mObg3BkxHpu9E0jW,admin,False,True,Consultant,,,,
66129470addf941b98f24c1b,Steven,Patel,vrobinson@example.com,$2b$10$SntQi7I6pN9n4LRhZuWosuGPdoVW/Y/Np2r01mObg3BkxHpu9E0jW,admin,False,True,Solution Enabler,,,,
66129470addf941b98f24c1c,Jim,Castro,pwilson@example.org,$2b$10$SntQi7I6pN9n4LRhZuWosuGPdoVW/Y/Np2r01mObg3BkxHpu9E0jW,admin,False,True,Consultant,,,,
66129470addf941b98f24c1d,Wayne,Elliott,whitebianca@example.com,$2b$10$SntQi7I6pN9n4LRhZuWosuGPdoVW/Y/Np2r01mObg3BkxHpu9E0jW,user,False,True,Sr. Software Engineer,,,,
66129470addf941b98f24c1e,Jessica,Roman,klam@example.org,$2b$10$SntQi7I6pN9n4LRhZuWosuGPdoVW/Y/Np2r01mObg3BkxHpu9E0jW,user,False,True,Consultant,,,,
66129470addf941b98f24c1f,Krista,Brown,stevensonernest@example.org,$2b$10$SntQi7I6pN9n4LRhZuWosuGPdoVW/Y/Np2r01mObg3BkxHpu9E0jW,admin,False,True,Software Engineer,,,,
66129470addf941b98f24c20,Tina,Hicks,hollanderic@example.com,$2b$10$SntQi7I6pN9n4LRhZuWosuGPdoVW/Y/Np2r01mObg3BkxHpu9E0jW,admin,False,True,Solution Enabler,,,,
66129470addf941b98f24c21,Chris,Newman,bergerzachary@example.org,$2b$10$SntQi7I6pN9n4LRhZuWosuGPdoVW/Y/Np2r01mObg3BkxHpu9E0jW,admin,False,True,Principal Architect,,,,
66129470addf941b98f24c22,Christina,Hoffman,smithjessica@example.com,$2b$10$SntQi7I6pN9n4LRhZuWosuGPdoVW/Y/Np2r01mObg3BkxHpu9E0jW,user,False,True,Sr. Software Engineer,,,,
66129470addf941b98f24c23,Lauren,Brock,danasmith@example.org,$2b$10$SntQi7I6pN9n4LRhZuWosuGPdoVW/Y/Np2r01mObg3BkxHpu9E0jW,user,False,True,Principal Architect,,,,
66129470addf941b98f24c24,Timothy,Lyons,erica68@example.com,$2b$10$SntQi7I6pN9n4LRhZuWosuGPdoVW/Y/Np2r01mObg3BkxHpu9E0jW,admin,False,True,Software Engineer,,,,
66129471addf941b98f24c25,Katherine,Cameron,gwatson@example.org,$2b$10$SntQi7I6pN9n4LRhZuWosuGPdoVW/Y/Np2r01mObg3BkxHpu9E0jW,admin,False,True,Solution Enabler,,,,
66129471addf941b98f24c26,George,Jackson,andrew57@example.com,$2b$10$SntQi7I6pN9n4LRhZuWosuGPdoVW/Y/Np2r01mObg3BkxHpu9E0jW,user,False,True,Architect,,,,
66129471addf941b98f24c27,Kimberly,Lamb,mathewseric@example.net,$2b$10$SntQi7I6pN9n4LRhZuWosuGPdoVW/Y/Np2r01mObg3BkxHpu9E0jW,user,False,True,Principal Architect,,,,
66129471addf941b98f24c28,Jamie,Edwards,ltaylor@example.org,$2b$10$SntQi7I6pN9n4LRhZuWosuGPdoVW/Y/Np2r01mObg3BkxHpu9E0jW,user,False,True,Principal Architect,,,,
66129471addf941b98f24c29,John,Murray,williambrooks@example.org,$2b$10$SntQi7I6pN9n4LRhZuWosuGPdoVW/Y/Np2r01mObg3BkxHpu9E0jW,user,False,True,Software Engineer,,,,
66129471addf941b98f24c2a,Valerie,Fowler,christianrebecca@example.net,$2b$10$SntQi7I6pN9n4LRhZuWosuGPdoVW/Y/Np2r01mObg3BkxHpu9E0jW,admin,False,True,Architect,,,,
66129471addf941b98f24c2b,Todd,Harris,steven89@example.org,$2b$10$SntQi7I6pN9n4LRhZuWosuGPdoVW/Y/Np2r01mObg3BkxHpu9E0jW,admin,False,True,Principal Architect,,,,
66129471addf941b98f24c2c,Benjamin,Fleming,jakeoliver@example.net,$2b$10$SntQi7I6pN9n4LRhZuWosuGPdoVW/Y/Np2r01mObg3BkxHpu9E0jW,admin,False,True,Consultant,,,,
66129471addf941b98f24c2d,Charles,Brown,oconnortiffany@example.org,$2b$10$SntQi7I6pN9n4LRhZuWosuGPdoVW/Y/Np2r01mObg3BkxHpu9E0jW,admin,False,True,Sr. Software Engineer,,,,
66129471addf941b98f24c2e,Jean,Best,jameserickson@example.com,$2b$10$SntQi7I6pN9n4LRhZuWosuGPdoVW/Y/Np2r01mObg3BkxHpu9E0jW,admin,False,True,Software Engineer,,,,
66129471addf941b98f24c2f,Kerry,Ellis,barbarasanders@example.com,$2b$10$SntQi7I6pN9n4LRhZuWosuGPdoVW/Y/Np2r01mObg3BkxHpu9E0jW,user,False,True,Architect,,,,
66129471addf941b98f24c30,Christopher,Wall,vritter@example.net,$2b$10$SntQi7I6pN9n4LRhZuWosuGPdoVW/Y/Np2r01mObg3BkxHpu9E0jW,user,False,True,Architect,,,,
66129471addf941b98f24c31,Kylie,Strong,susanmccoy@example.com,$2b$10$SntQi7I6pN9n4LRhZuWosuGPdoVW/Y/Np2r01mObg3BkxHpu9E0jW,user,False,True,Architect,,,,
66129471addf941b98f24c32,Joseph,Chapman,jesusgoodman@example.net,$2b$10$SntQi7I6pN9n4LRhZuWosuGPdoVW/Y/Np2r01mObg3BkxHpu9E0jW,admin,False,True,Solution Enabler,,,,
66129471addf941b98f24c33,John,Castro,kristen00@example.net,$2b$10$SntQi7I6pN9n4LRhZuWosuGPdoVW/Y/Np2r01mObg3BkxHpu9E0jW,user,False,True,Consultant,,,,
66129471addf941b98f24c34,Denise,Green,raymondadams@example.org,$2b$10$SntQi7I6pN9n4LRhZuWosuGPdoVW/Y/Np2r01mObg3BkxHpu9E0jW,admin,False,True,Principal Architect,,,,
66129472addf941b98f24c35,Shawn,Woods,basssandra@example.org,$2b$10$SntQi7I6pN9n4LRhZuWosuGPdoVW/Y/Np2r01mObg3BkxHpu9E0jW,user,False,True,Sr. Software Engineer,,,,
66129472addf941b98f24c36,Lisa,Johnson,jasonmorris@example.net,$2b$10$SntQi7I6pN9n4LRhZuWosuGPdoVW/Y/Np2r01mObg3BkxHpu9E0jW,user,False,True,Consultant,,,,
66129472addf941b98f24c37,Kathryn,Bryan,susan91@example.com,$2b$10$SntQi7I6pN9n4LRhZuWosuGPdoVW/Y/Np2r01mObg3BkxHpu9E0jW,admin,False,True,Consultant,,,,
66129472addf941b98f24c38,Tasha,Phillips,isabella73@example.org,$2b$10$SntQi7I6pN9n4LRhZuWosuGPdoVW/Y/Np2r01mObg3BkxHpu9E0jW,admin,False,True,Architect,,,,
66129472addf941b98f24c39,Roberta,Bowman,ericreed@example.com,$2b$10$SntQi7I6pN9n4LRhZuWosuGPdoVW/Y/Np2r01mObg3BkxHpu9E0jW,admin,False,True,Sr. Software Engineer,,,,
66129472addf941b98f24c3a,Cheryl,Black,ejohnson@example.org,$2b$10$SntQi7I6pN9n4LRhZuWosuGPdoVW/Y/Np2r01mObg3BkxHpu9E0jW,user,False,True,Solution Enabler,,,,
66129472addf941b98f24c3b,Jason,Simmons,zpacheco@example.net,$2b$10$SntQi7I6pN9n4LRhZuWosuGPdoVW/Y/Np2r01mObg3BkxHpu9E0jW,user,False,True,Software Engineer,,,,
66129472addf941b98f24c3c,Kristin,Cole,martinezvincent@example.com,$2b$10$SntQi7I6pN9n4LRhZuWosuGPdoVW/Y/Np2r01mObg3BkxHpu9E0jW,admin,False,True,Solution Enabler,,,,
66129472addf941b98f24c3d,Samuel,Woods,pachecomartha@example.net,$2b$10$SntQi7I6pN9n4LRhZuWosuGPdoVW/Y/Np2r01mObg3BkxHpu9E0jW,admin,False,True,Principal Architect,,,,
66129472addf941b98f24c3e,Anne,Williams,megan41@example.com,$2b$10$SntQi7I6pN9n4LRhZuWosuGPdoVW/Y/Np2r01mObg3BkxHpu9E0jW,admin,False,True,Architect,,,,
66129472addf941b98f24c3f,Christopher,James,ksmall@example.com,$2b$10$SntQi7I6pN9n4LRhZuWosuGPdoVW/Y/Np2r01mObg3BkxHpu9E0jW,admin,False,True,Consultant,,,,
66129472addf941b98f24c40,Sandra,Nguyen,carriegomez@example.com,$2b$10$SntQi7I6pN9n4LRhZuWosuGPdoVW/Y/Np2r01mObg3BkxHpu9E0jW,admin,False,True,Architect,,,,
66129472addf941b98f24c41,Kimberly,Rogers,danielrose@example.net,$2b$10$SntQi7I6pN9n4LRhZuWosuGPdoVW/Y/Np2r01mObg3BkxHpu9E0jW,admin,False,True,Principal Architect,,,,
66129472addf941b98f24c42,Jacob,Garza,msmith@example.org,$2b$10$SntQi7I6pN9n4LRhZuWosuGPdoVW/Y/Np2r01mObg3BkxHpu9E0jW,user,False,True,Architect,,,,
66129472addf941b98f24c43,Kathy,Lyons,biancaharris@example.net,$2b$10$SntQi7I6pN9n4LRhZuWosuGPdoVW/Y/Np2r01mObg3BkxHpu9E0jW,user,False,True,Principal Architect,,,,
66129472addf941b98f24c44,Tina,Davis,marissabrown@example.com,$2b$10$SntQi7I6pN9n4LRhZuWosuGPdoVW/Y/Np2r01mObg3BkxHpu9E0jW,admin,False,True,Principal Architect,,,,
66129473addf941b98f24c45,Allison,Gibbs,megangreen@example.net,$2b$10$SntQi7I6pN9n4LRhZuWosuGPdoVW/Y/Np2r01mObg3BkxHpu9E0jW,admin,False,True,Software Engineer,,,,
66129473addf941b98f24c46,Christopher,Odom,christina23@example.com,$2b$10$SntQi7I6pN9n4LRhZuWosuGPdoVW/Y/Np2r01mObg3BkxHpu9E0jW,admin,False,True,Principal Architect,,,,
66129473addf941b98f24c47,Ryan,Jimenez,james26@example.net,$2b$10$SntQi7I6pN9n4LRhZuWosuGPdoVW/Y/Np2r01mObg3BkxHpu9E0jW,user,False,True,Architect,,,,
66129473addf941b98f24c48,William,Giles,christopherpage@example.net,$2b$10$SntQi7I6pN9n4LRhZuWosuGPdoVW/Y/Np2r01mObg3BkxHpu9E0jW,admin,False,True,Principal Architect,,,,
66129473addf941b98f24c49,Madeline,Nguyen,hernandezchristopher@example.com,$2b$10$SntQi7I6pN9n4LRhZuWosuGPdoVW/Y/Np2r01mObg3BkxHpu9E0jW,user,False,True,Solution Enabler,,,,
66129473addf941b98f24c4a,Michelle,Marshall,steven75@example.net,$2b$10$SntQi7I6pN9n4LRhZuWosuGPdoVW/Y/Np2r01mObg3BkxHpu9E0jW,admin,False,True,Architect,,,,
66129473addf941b98f24c4b,Laura,Kelley,timothyhoover@example.net,$2b$10$SntQi7I6pN9n4LRhZuWosuGPdoVW/Y/Np2r01mObg3BkxHpu9E0jW,user,False,True,Sr. Software Engineer,,,,
66129473addf941b98f24c4c,Amy,Martinez,saundersrichard@example.com,$2b$10$SntQi7I6pN9n4LRhZuWosuGPdoVW/Y/Np2r01mObg3BkxHpu9E0jW,user,False,True,Software Engineer,,,,
66129473addf941b98f24c4d,Timothy,Waters,haguirre@example.org,$2b$10$SntQi7I6pN9n4LRhZuWosuGPdoVW/Y/Np2r01mObg3BkxHpu9E0jW,admin,False,True,Software Engineer,,,,
66129473addf941b98f24c4e,Charles,Snyder,sandra55@example.com,$2b$10$SntQi7I6pN9n4LRhZuWosuGPdoVW/Y/Np2r01mObg3BkxHpu9E0jW,admin,False,True,Software Engineer,,,,
66129473addf941b98f24c4f,Stephen,Harris,powellcourtney@example.com,$2b$10$SntQi7I6pN9n4LRhZuWosuGPdoVW/Y/Np2r01mObg3BkxHpu9E0jW,admin,False,True,Software Engineer,,,,
66129473addf941b98f24c50,Billy,Williams,sandra31@example.com,$2b$10$SntQi7I6pN9n4LRhZuWosuGPdoVW/Y/Np2r01mObg3BkxHpu9E0jW,user,False,True,Sr. Software Engineer,,,,
66129473addf941b98f24c51,Eric,Johnson,qbrown@example.org,$2b$10$SntQi7I6pN9n4LRhZuWosuGPdoVW/Y/Np2r01mObg3BkxHpu9E0jW,user,False,True,Solution Enabler,,,,
66129473addf941b98f24c52,Kelly,Boyle,jrodriguez@example.org,$2b$10$SntQi7I6pN9n4LRhZuWosuGPdoVW/Y/Np2r01mObg3BkxHpu9E0jW,admin,False,True,Sr. Software Engineer,,,,
66129473addf941b98f24c53,Nicole,Smith,brianna80@example.org,$2b$10$SntQi7I6pN9n4LRhZuWosuGPdoVW/Y/Np2r01mObg3BkxHpu9E0jW,user,False,True,Sr. Software Engineer,,,,
66129473addf941b98f24c54,Philip,Brown,haroldwilson@example.com,$2b$10$SntQi7I6pN9n4LRhZuWosuGPdoVW/Y/Np2r01mObg3BkxHpu9E0jW,admin,False,True,Software Engineer,,,,
66129474addf941b98f24c55,Cassandra,Crosby,egreen@example.org,$2b$10$SntQi7I6pN9n4LRhZuWosuGPdoVW/Y/Np2r01mObg3BkxHpu9E0jW,user,False,True,Sr. Software Engineer,,,,
66129474addf941b98f24c56,Cassandra,Lopez,orozcosharon@example.org,$2b$10$SntQi7I6pN9n4LRhZuWosuGPdoVW/Y/Np2r01mObg3BkxHpu9E0jW,admin,False,True,Architect,,,,
66129474addf941b98f24c57,Wendy,Collins,kerri56@example.org,$2b$10$SntQi7I6pN9n4LRhZuWosuGPdoVW/Y/Np2r01mObg3BkxHpu9E0jW,admin,False,True,Consultant,,,,
66129474addf941b98f24c58,James,Mason,rwilliams@example.com,$2b$10$SntQi7I6pN9n4LRhZuWosuGPdoVW/Y/Np2r01mObg3BkxHpu9E0jW,user,False,True,Consultant,,,,
66129474addf941b98f24c59,Kenneth,Owens,beckjohn@example.net,$2b$10$SntQi7I6pN9n4LRhZuWosuGPdoVW/Y/Np2r01mObg3BkxHpu9E0jW,user,False,True,Sr. Software Engineer,,,,
66129474addf941b98f24c5a,Vincent,Stone,qmorris@example.org,$2b$10$SntQi7I6pN9n4LRhZuWosuGPdoVW/Y/Np2r01mObg3BkxHpu9E0jW,user,False,True,Solution Enabler,,,,
66129474addf941b98f24c5b,Robert,Todd,wgarcia@example.org,$2b$10$SntQi7I6pN9n4LRhZuWosuGPdoVW/Y/Np2r01mObg3BkxHpu9E0jW,user,False,True,Software Engineer,,,,
66129474addf941b98f24c5c,Christina,Cobb,thomasjackson@example.com,$2b$10$SntQi7I6pN9n4LRhZuWosuGPdoVW/Y/Np2r01mObg3BkxHpu9E0jW,user,False,True,Consultant,,,,
66129474addf941b98f24c5d,Jessica,Torres,fholmes@example.net,$2b$10$SntQi7I6pN9n4LRhZuWosuGPdoVW/Y/Np2r01mObg3BkxHpu9E0jW,user,False,True,Solution Enabler,,,,
66129474addf941b98f24c5e,Justin,Turner,nicholaswilliams@example.org,$2b$10$SntQi7I6pN9n4LRhZuWosuGPdoVW/Y/Np2r01mObg3BkxHpu9E0jW,admin,False,True,Architect,,,,
66129474addf941b98f24c5f,Alexander,Knight,theresagreer@example.com,$2b$10$SntQi7I6pN9n4LRhZuWosuGPdoVW/Y/Np2r01mObg3BkxHpu9E0jW,admin,False,True,Principal Architect,,,,
66129474addf941b98f24c60,Geoffrey,Martinez,campbellrobert@example.net,$2b$10$SntQi7I6pN9n4LRhZuWosuGPdoVW/Y/Np2r01mObg3BkxHpu9E0jW,user,False,True,Solution Enabler,,,,
66129474addf941b98f24c61,Valerie,Quinn,robinsonrichard@example.net,$2b$10$SntQi7I6pN9n4LRhZuWosuGPdoVW/Y/Np2r01mObg3BkxHpu9E0jW,user,False,True,Solution Enabler,,,,
66129474addf941b98f24c62,Yvette,Baker,sharonevans@example.org,$2b$10$SntQi7I6pN9n4LRhZuWosuGPdoVW/Y/Np2r01mObg3BkxHpu9E0jW,user,False,True,Principal Architect,,,,
66129474addf941b98f24c63,Spencer,Livingston,abigail46@example.org,$2b$10$SntQi7I6pN9n4LRhZuWosuGPdoVW/Y/Np2r01mObg3BkxHpu9E0jW,user,False,True,Architect,,,,
66129474addf941b98f24c64,Caleb,Cole,nsmith@example.net,$2b$10$SntQi7I6pN9n4LRhZuWosuGPdoVW/Y/Np2r01mObg3BkxHpu9E0jW,admin,False,True,Principal Architect,,,,
66129475addf941b98f24c65,Wesley,Ritter,murraymary@example.org,$2b$10$SntQi7I6pN9n4LRhZuWosuGPdoVW/Y/Np2r01mObg3BkxHpu9E0jW,user,False,True,Software Engineer,,,,
66129475addf941b98f24c66,Jessica,Clark,kwalton@example.net,$2b$10$SntQi7I6pN9n4LRhZuWosuGPdoVW/Y/Np2r01mObg3BkxHpu9E0jW,admin,False,True,Software Engineer,,,,
66129475addf941b98f24c67,Stephanie,Young,townsendjose@example.org,$2b$10$SntQi7I6pN9n4LRhZuWosuGPdoVW/Y/Np2r01mObg3BkxHpu9E0jW,user,False,True,Sr. Software Engineer,,,,
66129475addf941b98f24c68,Stacey,Mcdowell,heatherburton@example.com,$2b$10$SntQi7I6pN9n4LRhZuWosuGPdoVW/Y/Np2r01mObg3BkxHpu9E0jW,user,False,True,Software Engineer,,,,
66129475addf941b98f24c69,Michelle,Solomon,bowmancarol@example.net,$2b$10$SntQi7I6pN9n4LRhZuWosuGPdoVW/Y/Np2r01mObg3BkxHpu9E0jW,user,False,True,Principal Architect,,,,
66129475addf941b98f24c6a,Mitchell,Koch,meghan43@example.org,$2b$10$SntQi7I6pN9n4LRhZuWosuGPdoVW/Y/Np2r01mObg3BkxHpu9E0jW,user,False,True,Solution Enabler,,,,
66129475addf941b98f24c6b,Rhonda,Rhodes,edward38@example.net,$2b$10$SntQi7I6pN9n4LRhZuWosuGPdoVW/Y/Np2r01mObg3BkxHpu9E0jW,user,False,True,Architect,,,,
66129475addf941b98f24c6c,Shane,Jones,xalexander@example.com,$2b$10$SntQi7I6pN9n4LRhZuWosuGPdoVW/Y/Np2r01mObg3BkxHpu9E0jW,admin,False,True,Software Engineer,,,,
66129475addf941b98f24c6d,Sheila,Atkins,john91@example.com,$2b$10$SntQi7I6pN9n4LRhZuWosuGPdoVW/Y/Np2r01mObg3BkxHpu9E0jW,admin,False,True,Software Engineer,,,,
66129475addf941b98f24c6e,Shawn,Cross,jeremy93@example.net,$2b$10$SntQi7I6pN9n4LRhZuWosuGPdoVW/Y/Np2r01mObg3BkxHpu9E0jW,admin,False,True,Solution Enabler,,,,
66129475addf941b98f24c6f,Christina,Ford,xmills@example.net,$2b$10$SntQi7I6pN9n4LRhZuWosuGPdoVW/Y/Np2r01mObg3BkxHpu9E0jW,admin,False,True,Consultant,,,,
66129475addf941b98f24c70,Scott,Dunn,juliegeorge@example.com,$2b$10$SntQi7I6pN9n4LRhZuWosuGPdoVW/Y/Np2r01mObg3BkxHpu9E0jW,user,False,True,Principal Architect,,,,
66129475addf941b98f24c71,Lucas,Mccormick,patrick19@example.com,$2b$10$SntQi7I6pN9n4LRhZuWosuGPdoVW/Y/Np2r01mObg3BkxHpu9E0jW,user,False,True,Software Engineer,,,,
66129475addf941b98f24c72,Teresa,Miller,floresjohnny@example.net,$2b$10$SntQi7I6pN9n4LRhZuWosuGPdoVW/Y/Np2r01mObg3BkxHpu9E0jW,admin,False,True,Consultant,,,,
66129475addf941b98f24c73,Julia,Edwards,jasminemaldonado@example.com,$2b$10$SntQi7I6pN9n4LRhZuWosuGPdoVW/Y/Np2r01mObg3BkxHpu9E0jW,admin,False,True,Consultant,,,,
66129475addf941b98f24c74,Natalie,Hopkins,tray@example.com,$2b$10$SntQi7I6pN9n4LRhZuWosuGPdoVW/Y/Np2r01mObg3BkxHpu9E0jW,user,False,True,Architect,,,,
66129476addf941b98f24c75,Ellen,Cooper,shelby31@example.org,$2b$10$SntQi7I6pN9n4LRhZuWosuGPdoVW/Y/Np2r01mObg3BkxHpu9E0jW,user,False,True,Principal Architect,,,,
66129476addf941b98f24c76,Roger,Hall,sweeneystephen@example.com,$2b$10$SntQi7I6pN9n4LRhZuWosuGPdoVW/Y/Np2r01mObg3BkxHpu9E0jW,user,False,True,Solution Enabler,,,,
66129476addf941b98f24c77,Elizabeth,Thomas,arianamartinez@example.net,$2b$10$SntQi7I6pN9n4LRhZuWosuGPdoVW/Y/Np2r01mObg3BkxHpu9E0jW,admin,False,True,Architect,,,,
66129476addf941b98f24c78,Mario,Page,ptaylor@example.com,$2b$10$SntQi7I6pN9n4LRhZuWosuGPdoVW/Y/Np2r01mObg3BkxHpu9E0jW,admin,False,True,Architect,,,,
66129476addf941b98f24c79,Robert,Noble,paulkelley@example.net,$2b$10$SntQi7I6pN9n4LRhZuWosuGPdoVW/Y/Np2r01mObg3BkxHpu9E0jW,user,False,True,Solution Enabler,,,,
66129476addf941b98f24c7a,Carrie,Rios,howardbonnie@example.org,$2b$10$SntQi7I6pN9n4LRhZuWosuGPdoVW/Y/Np2r01mObg3BkxHpu9E0jW,user,False,True,Principal Architect,,,,
66129476addf941b98f24c7b,Donna,Hunt,bleblanc@example.com,$2b$10$SntQi7I6pN9n4LRhZuWosuGPdoVW/Y/Np2r01mObg3BkxHpu9E0jW,user,False,True,Principal Architect,,,,
66129476addf941b98f24c7c,Anthony,Duffy,mckinneysean@example.net,$2b$10$SntQi7I6pN9n4LRhZuWosuGPdoVW/Y/Np2r01mObg3BkxHpu9E0jW,user,False,True,Architect,,,,
66129476addf941b98f24c7d,Jose,Boone,melissaperez@example.net,$2b$10$SntQi7I6pN9n4LRhZuWosuGPdoVW/Y/Np2r01mObg3BkxHpu9E0jW,user,False,True,Consultant,,,,
66129476addf941b98f24c7e,Kevin,Williams,svelasquez@example.org,$2b$10$SntQi7I6pN9n4LRhZuWosuGPdoVW/Y/Np2r01mObg3BkxHpu9E0jW,user,False,True,Sr. Software Engineer,,,,
66129476addf941b98f24c7f,Michael,Stewart,christopher96@example.com,$2b$10$SntQi7I6pN9n4LRhZuWosuGPdoVW/Y/Np2r01mObg3BkxHpu9E0jW,user,False,True,Software Engineer,,,,
66129476addf941b98f24c80,Hunter,Carter,patriciatucker@example.com,$2b$10$SntQi7I6pN9n4LRhZuWosuGPdoVW/Y/Np2r01mObg3BkxHpu9E0jW,admin,False,True,Solution Enabler,,,,
66129476addf941b98f24c81,Jason,Chapman,joneskimberly@example.com,$2b$10$SntQi7I6pN9n4LRhZuWosuGPdoVW/Y/Np2r01mObg3BkxHpu9E0jW,admin,False,True,Consultant,,,,
66129476addf941b98f24c82,Travis,Strong,hvelazquez@example.org,$2b$10$SntQi7I6pN9n4LRhZuWosuGPdoVW/Y/Np2r01mObg3BkxHpu9E0jW,user,False,True,Solution Enabler,,,,
66129476addf941b98f24c83,Bradley,Smith,ortizmichael@example.net,$2b$10$SntQi7I6pN9n4LRhZuWosuGPdoVW/Y/Np2r01mObg3BkxHpu9E0jW,user,False,True,Consultant,,,,
66129476addf941b98f24c84,Wayne,Santiago,michelleoneal@example.net,$2b$10$SntQi7I6pN9n4LRhZuWosuGPdoVW/Y/Np2r01mObg3BkxHpu9E0jW,user,False,True,Solution Enabler,,,,
66129477addf941b98f24c85,Terri,Vincent,kevin80@example.net,$2b$10$SntQi7I6pN9n4LRhZuWosuGPdoVW/Y/Np2r01mObg3BkxHpu9E0jW,user,False,True,Architect,,,,
66129477addf941b98f24c86,Kimberly,Hodges,sheilarodriguez@example.org,$2b$10$SntQi7I6pN9n4LRhZuWosuGPdoVW/Y/Np2r01mObg3BkxHpu9E0jW,user,False,True,Architect,,,,
66129477addf941b98f24c87,Samantha,Wallace,xprice@example.com,$2b$10$SntQi7I6pN9n4LRhZuWosuGPdoVW/Y/Np2r01mObg3BkxHpu9E0jW,user,False,True,Software Engineer,,,,
66129477addf941b98f24c88,Christine,Mathis,troberson@example.net,$2b$10$SntQi7I6pN9n4LRhZuWosuGPdoVW/Y/Np2r01mObg3BkxHpu9E0jW,user,False,True,Consultant,,,,
66129477addf941b98f24c89,Antonio,Dennis,tracy00@example.org,$2b$10$SntQi7I6pN9n4LRhZuWosuGPdoVW/Y/Np2r01mObg3BkxHpu9E0jW,admin,False,True,Solution Enabler,,,,
66129477addf941b98f24c8a,Carolyn,Brock,mullinsdiana@example.net,$2b$10$SntQi7I6pN9n4LRhZuWosuGPdoVW/Y/Np2r01mObg3BkxHpu9E0jW,user,False,True,Sr. Software Engineer,,,,
66129477addf941b98f24c8b,Kayla,Bridges,kathleen59@example.net,$2b$10$SntQi7I6pN9n4LRhZuWosuGPdoVW/Y/Np2r01mObg3BkxHpu9E0jW,admin,False,True,Consultant,,,,
66129477addf941b98f24c8c,Gina,Harrison,michaelschmidt@example.org,$2b$10$SntQi7I6pN9n4LRhZuWosuGPdoVW/Y/Np2r01mObg3BkxHpu9E0jW,user,False,True,Software Engineer,,,,
66129477addf941b98f24c8d,Justin,Moore,williamscynthia@example.com,$2b$10$SntQi7I6pN9n4LRhZuWosuGPdoVW/Y/Np2r01mObg3BkxHpu9E0jW,admin,False,True,Consultant,,,,
66129477addf941b98f24c8e,James,Thomas,qwilliams@example.org,$2b$10$SntQi7I6pN9n4LRhZuWosuGPdoVW/Y/Np2r01mObg3BkxHpu9E0jW,admin,False,True,Software Engineer,,,,
66129477addf941b98f24c8f,Tammy,Howard,derek49@example.com,$2b$10$SntQi7I6pN9n4LRhZuWosuGPdoVW/Y/Np2r01mObg3BkxHpu9E0jW,admin,False,True,Principal Architect,,,,
66129477addf941b98f24c90,Nicholas,Rodriguez,ktucker@example.com,$2b$10$SntQi7I6pN9n4LRhZuWosuGPdoVW/Y/Np2r01mObg3BkxHpu9E0jW,user,False,True,Software Engineer,,,,
66129477addf941b98f24c91,Dominic,Chase,zmartin@example.com,$2b$10$SntQi7I6pN9n4LRhZuWosuGPdoVW/Y/Np2r01mObg3BkxHpu9E0jW,user,False,True,Software Engineer,,,,
66129477addf941b98f24c92,Justin,Evans,davidbaker@example.com,$2b$10$SntQi7I6pN9n4LRhZuWosuGPdoVW/Y/Np2r01mObg3BkxHpu9E0jW,user,False,True,Solution Enabler,,,,
66129477addf941b98f24c93,Michael,Jenkins,eric55@example.com,$2b$10$SntQi7I6pN9n4LRhZuWosuGPdoVW/Y/Np2r01mObg3BkxHpu9E0jW,user,False,True,Principal Architect,,,,
66129478addf941b98f24c94,Sharon,Farrell,lori41@example.com,$2b$10$SntQi7I6pN9n4LRhZuWosuGPdoVW/Y/Np2r01mObg3BkxHpu9E0jW,user,False,True,Architect,,,,
66129478addf941b98f24c95,Kristin,Watkins,bryan31@example.org,$2b$10$SntQi7I6pN9n4LRhZuWosuGPdoVW/Y/Np2r01mObg3BkxHpu9E0jW,user,False,True,Sr. Software Engineer,,,,
66129478addf941b98f24c96,Robert,Dennis,brownscott@example.org,$2b$10$SntQi7I6pN9n4LRhZuWosuGPdoVW/Y/Np2r01mObg3BkxHpu9E0jW,admin,False,True,Solution Enabler,,,,
66129478addf941b98f24c97,Christopher,Johnson,williamhicks@example.net,$2b$10$SntQi7I6pN9n4LRhZuWosuGPdoVW/Y/Np2r01mObg3BkxHpu9E0jW,user,False,True,Solution Enabler,,,,
66129478addf941b98f24c98,Barbara,Rodriguez,tara61@example.org,$2b$10$SntQi7I6pN9n4LRhZuWosuGPdoVW/Y/Np2r01mObg3BkxHpu9E0jW,admin,False,True,Software Engineer,,,,
66129478addf941b98f24c99,Sonya,Chaney,lcain@example.net,$2b$10$SntQi7I6pN9n4LRhZuWosuGPdoVW/Y/Np2r01mObg3BkxHpu9E0jW,user,False,True,Architect,,,,
66129478addf941b98f24c9a,Edward,Matthews,angela59@example.net,$2b$10$SntQi7I6pN9n4LRhZuWosuGPdoVW/Y/Np2r01mObg3BkxHpu9E0jW,admin,False,True,Software Engineer,,,,
66129478addf941b98f24c9b,Tyler,Dawson,nlowe@example.org,$2b$10$SntQi7I6pN9n4LRhZuWosuGPdoVW/Y/Np2r01mObg3BkxHpu9E0jW,admin,False,True,Architect,,,,
66129478addf941b98f24c9c,Pamela,Vasquez,richardvincent@example.org,$2b$10$SntQi7I6pN9n4LRhZuWosuGPdoVW/Y/Np2r01mObg3BkxHpu9E0jW,user,False,True,Solution Enabler,,,,
66129478addf941b98f24c9d,Tina,Moss,frankwilliams@example.net,$2b$10$SntQi7I6pN9n4LRhZuWosuGPdoVW/Y/Np2r01mObg3BkxHpu9E0jW,admin,False,True,Principal Architect,,,,
66129478addf941b98f24c9e,David,Dominguez,jenniferwilliams@example.org,$2b$10$SntQi7I6pN9n4LRhZuWosuGPdoVW/Y/Np2r01mObg3BkxHpu9E0jW,user,False,True,Sr. Software Engineer,,,,
66129478addf941b98f24c9f,Joshua,Mitchell,josephmercer@example.com,$2b$10$SntQi7I6pN9n4LRhZuWosuGPdoVW/Y/Np2r01mObg3BkxHpu9E0jW,user,False,True,Consultant,,,,
66129478addf941b98f24ca0,Jacob,Goodman,perrypamela@example.org,$2b$10$SntQi7I6pN9n4LRhZuWosuGPdoVW/Y/Np2r01mObg3BkxHpu9E0jW,admin,False,True,Sr. Software Engineer,,,,
66129478addf941b98f24ca1,Laura,Smith,weberjacqueline@example.com,$2b$10$SntQi7I6pN9n4LRhZuWosuGPdoVW/Y/Np2r01mObg3BkxHpu9E0jW,user,False,True,Solution Enabler,,,,
66129478addf941b98f24ca2,Timothy,Turner,elizabethbrown@example.com,$2b$10$SntQi7I6pN9n4LRhZuWosuGPdoVW/Y/Np2r01mObg3BkxHpu9E0jW,user,False,True,Principal Architect,,,,
66129479addf941b98f24ca3,Joseph,Gray,qwillis@example.org,$2b$10$SntQi7I6pN9n4LRhZuWosuGPdoVW/Y/Np2r01mObg3BkxHpu9E0jW,admin,False,True,Solution Enabler,,,,
66129479addf941b98f24ca4,Tyler,Ortiz,katie53@example.com,$2b$10$SntQi7I6pN9n4LRhZuWosuGPdoVW/Y/Np2r01mObg3BkxHpu9E0jW,admin,False,True,Consultant,,,,
66129479addf941b98f24ca5,Timothy,Tate,chelseakelly@example.org,$2b$10$SntQi7I6pN9n4LRhZuWosuGPdoVW/Y/Np2r01mObg3BkxHpu9E0jW,admin,False,True,Sr. Software Engineer,,,,
66129479addf941b98f24ca6,Chase,Moore,uhouston@example.org,$2b$10$SntQi7I6pN9n4LRhZuWosuGPdoVW/Y/Np2r01mObg3BkxHpu9E0jW,user,False,True,Software Engineer,,,,
66129479addf941b98f24ca7,Arthur,Johnson,mgarcia@example.com,$2b$10$SntQi7I6pN9n4LRhZuWosuGPdoVW/Y/Np2r01mObg3BkxHpu9E0jW,user,False,True,Principal Architect,,,,
66129479addf941b98f24ca8,Joseph,Day,alexa85@example.com,$2b$10$SntQi7I6pN9n4LRhZuWosuGPdoVW/Y/Np2r01mObg3BkxHpu9E0jW,admin,False,True,Solution Enabler,,,,
66129479addf941b98f24ca9,Dwayne,Lawson,swilliams@example.net,$2b$10$SntQi7I6pN9n4LRhZuWosuGPdoVW/Y/Np2r01mObg3BkxHpu9E0jW,admin,False,True,Principal Architect,,,,
66129479addf941b98f24caa,Philip,Reed,howeleslie@example.com,$2b$10$SntQi7I6pN9n4LRhZuWosuGPdoVW/Y/Np2r01mObg3BkxHpu9E0jW,admin,False,True,Principal Architect,,,,
66129479addf941b98f24cab,Amy,Santiago,smithcolleen@example.net,$2b$10$SntQi7I6pN9n4LRhZuWosuGPdoVW/Y/Np2r01mObg3BkxHpu9E0jW,user,False,True,Solution Enabler,,,,
66129479addf941b98f24cac,Justin,Gonzalez,clarkpamela@example.net,$2b$10$SntQi7I6pN9n4LRhZuWosuGPdoVW/Y/Np2r01mObg3BkxHpu9E0jW,user,False,True,Software Engineer,,,,
66129479addf941b98f24cad,Megan,Parsons,barry04@example.org,$2b$10$SntQi7I6pN9n4LRhZuWosuGPdoVW/Y/Np2r01mObg3BkxHpu9E0jW,admin,False,True,Architect,,,,
66129479addf941b98f24cae,Cynthia,Marquez,anorton@example.net,$2b$10$SntQi7I6pN9n4LRhZuWosuGPdoVW/Y/Np2r01mObg3BkxHpu9E0jW,user,False,True,Sr. Software Engineer,,,,
66129479addf941b98f24caf,Brooke,Mendoza,keithwilson@example.org,$2b$10$SntQi7I6pN9n4LRhZuWosuGPdoVW/Y/Np2r01mObg3BkxHpu9E0jW,user,False,True,Principal Architect,,,,
66129479addf941b98f24cb0,Dana,Martinez,yhanson@example.com,$2b$10$SntQi7I6pN9n4LRhZuWosuGPdoVW/Y/Np2r01mObg3BkxHpu9E0jW,admin,False,True,Principal Architect,,,,
66129479addf941b98f24cb1,Brenda,Patterson,theresahill@example.org,$2b$10$SntQi7I6pN9n4LRhZuWosuGPdoVW/Y/Np2r01mObg3BkxHpu9E0jW,admin,False,True,Architect,,,,
6612947aaddf941b98f24cb2,Sandra,Finley,johnsoncody@example.org,$2b$10$SntQi7I6pN9n4LRhZuWosuGPdoVW/Y/Np2r01mObg3BkxHpu9E0jW,admin,False,True,Principal Architect,,,,
6612947aaddf941b98f24cb3,Jean,Obrien,michaelsolis@example.net,$2b$10$SntQi7I6pN9n4LRhZuWosuGPdoVW/Y/Np2r01mObg3BkxHpu9E0jW,user,False,True,Principal Architect,,,,
6612947aaddf941b98f24cb4,Edward,Abbott,natalie31@example.com,$2b$10$SntQi7I6pN9n4LRhZuWosuGPdoVW/Y/Np2r01mObg3BkxHpu9E0jW,admin,False,True,Consultant,,,,
6612947aaddf941b98f24cb5,Joseph,Patel,samuel39@example.net,$2b$10$SntQi7I6pN9n4LRhZuWosuGPdoVW/Y/Np2r01mObg3BkxHpu9E0jW,user,False,True,Architect,,,,
6612947aaddf941b98f24cb6,Charles,Chan,charles33@example.org,$2b$10$SntQi7I6pN9n4LRhZuWosuGPdoVW/Y/Np2r01mObg3BkxHpu9E0jW,user,False,True,Principal Architect,,,,
6612947aaddf941b98f24cb7,Joel,Williams,zwhite@example.org,$2b$10$SntQi7I6pN9n4LRhZuWosuGPdoVW/Y/Np2r01mObg3BkxHpu9E0jW,user,False,True,Principal Architect,,,,
6612947aaddf941b98f24cb8,Christopher,Cook,danielleclark@example.org,$2b$10$SntQi7I6pN9n4LRhZuWosuGPdoVW/Y/Np2r01mObg3BkxHpu9E0jW,admin,False,True,Architect,,,,
6612947aaddf941b98f24cb9,Penny,Clark,mccarthyhannah@example.com,$2b$10$SntQi7I6pN9n4LRhZuWosuGPdoVW/Y/Np2r01mObg3BkxHpu9E0jW,admin,False,True,Consultant,,,,
6612947aaddf941b98f24cba,Zachary,Murray,rogerhill@example.org,$2b$10$SntQi7I6pN9n4LRhZuWosuGPdoVW/Y/Np2r01mObg3BkxHpu9E0jW,user,False,True,Principal Architect,,,,
6612947aaddf941b98f24cbb,Kathryn,Harris,parkerdouglas@example.net,$2b$10$SntQi7I6pN9n4LRhZuWosuGPdoVW/Y/Np2r01mObg3BkxHpu9E0jW,user,False,True,Consultant,,,,
6612947aaddf941b98f24cbc,Ronald,Silva,brendapeters@example.net,$2b$10$SntQi7I6pN9n4LRhZuWosuGPdoVW/Y/Np2r01mObg3BkxHpu9E0jW,user,False,True,Sr. Software Engineer,,,,
6612947aaddf941b98f24cbd,Lindsey,Bradford,elizabeth96@example.net,$2b$10$SntQi7I6pN9n4LRhZuWosuGPdoVW/Y/Np2r01mObg3BkxHpu9E0jW,user,False,True,Consultant,,,,
6612947aaddf941b98f24cbe,Carolyn,Reyes,leonardguerra@example.org,$2b$10$SntQi7I6pN9n4LRhZuWosuGPdoVW/Y/Np2r01mObg3BkxHpu9E0jW,user,False,True,Sr. Software Engineer,,,,
6612947aaddf941b98f24cbf,Evan,Wilson,jnewman@example.com,$2b$10$SntQi7I6pN9n4LRhZuWosuGPdoVW/Y/Np2r01mObg3BkxHpu9E0jW,admin,False,True,Consultant,,,,
6612947aaddf941b98f24cc0,John,Morgan,cathyhall@example.net,$2b$10$SntQi7I6pN9n4LRhZuWosuGPdoVW/Y/Np2r01mObg3BkxHpu9E0jW,admin,False,True,Consultant,,,,
6612947aaddf941b98f24cc1,Joseph,Simpson,vbeard@example.net,$2b$10$SntQi7I6pN9n4LRhZuWosuGPdoVW/Y/Np2r01mObg3BkxHpu9E0jW,admin,False,True,Consultant,,,,
6612947baddf941b98f24cc2,Julia,Callahan,roberttorres@example.net,$2b$10$SntQi7I6pN9n4LRhZuWosuGPdoVW/Y/Np2r01mObg3BkxHpu9E0jW,admin,False,True,Solution Enabler,,,,
6612947baddf941b98f24cc3,Peter,Miranda,jbarnes@example.org,$2b$10$SntQi7I6pN9n4LRhZuWosuGPdoVW/Y/Np2r01mObg3BkxHpu9E0jW,user,False,True,Software Engineer,,,,
6612947baddf941b98f24cc4,Paula,Nelson,cody90@example.net,$2b$10$SntQi7I6pN9n4LRhZuWosuGPdoVW/Y/Np2r01mObg3BkxHpu9E0jW,admin,False,True,Architect,,,,
6612947baddf941b98f24cc5,Olivia,Hernandez,tina83@example.org,$2b$10$SntQi7I6pN9n4LRhZuWosuGPdoVW/Y/Np2r01mObg3BkxHpu9E0jW,user,False,True,Sr. Software Engineer,,,,
6612947baddf941b98f24cc6,Jill,Grant,jacosta@example.net,$2b$10$SntQi7I6pN9n4LRhZuWosuGPdoVW/Y/Np2r01mObg3BkxHpu9E0jW,admin,False,True,Sr. Software Engineer,,,,
6612947baddf941b98f24cc7,Alex,Parker,terri43@example.org,$2b$10$SntQi7I6pN9n4LRhZuWosuGPdoVW/Y/Np2r01mObg3BkxHpu9E0jW,admin,False,True,Consultant,,,,
6612947baddf941b98f24cc8,Jeffery,Montoya,kjacobs@example.org,$2b$10$SntQi7I6pN9n4LRhZuWosuGPdoVW/Y/Np2r01mObg3BkxHpu9E0jW,admin,False,True,Principal Architect,,,,
6612947baddf941b98f24cc9,Tracy,Rivera,joshua94@example.org,$2b$10$SntQi7I6pN9n4LRhZuWosuGPdoVW/Y/Np2r01mObg3BkxHpu9E0jW,user,False,True,Solution Enabler,,,,
6612947baddf941b98f24cca,Kelly,Clark,tgeorge@example.org,$2b$10$SntQi7I6pN9n4LRhZuWosuGPdoVW/Y/Np2r01mObg3BkxHpu9E0jW,user,False,True,Solution Enabler,,,,
6612947baddf941b98f24ccb,Kenneth,Hall,kennethobrien@example.net,$2b$10$SntQi7I6pN9n4LRhZuWosuGPdoVW/Y/Np2r01mObg3BkxHpu9E0jW,user,False,True,Solution Enabler,,,,
6612947baddf941b98f24ccc,Aaron,Flowers,norrisashley@example.com,$2b$10$SntQi7I6pN9n4LRhZuWosuGPdoVW/Y/Np2r01mObg3BkxHpu9E0jW,admin,False,True,Principal Architect,,,,
6612947baddf941b98f24ccd,Sydney,Bradley,george51@example.com,$2b$10$SntQi7I6pN9n4LRhZuWosuGPdoVW/Y/Np2r01mObg3BkxHpu9E0jW,admin,False,True,Principal Architect,,,,
6612947baddf941b98f24cce,Melanie,Cunningham,moorejames@example.com,$2b$10$SntQi7I6pN9n4LRhZuWosuGPdoVW/Y/Np2r01mObg3BkxHpu9E0jW,user,False,True,Software Engineer,,,,
6612947baddf941b98f24ccf,Scott,Newman,davidvega@example.org,$2b$10$SntQi7I6pN9n4LRhZuWosuGPdoVW/Y/Np2r01mObg3BkxHpu9E0jW,user,False,True,Principal Architect,,,,
6612947baddf941b98f24cd0,William,Estrada,hswanson@example.com,$2b$10$SntQi7I6pN9n4LRhZuWosuGPdoVW/Y/Np2r01mObg3BkxHpu9E0jW,user,False,True,Consultant,,,,
6612947caddf941b98f24cd1,Angela,Nguyen,beanjanet@example.net,$2b$10$SntQi7I6pN9n4LRhZuWosuGPdoVW/Y/Np2r01mObg3BkxHpu9E0jW,user,False,True,Solution Enabler,,,,
6612947caddf941b98f24cd2,Erik,Moore,oayala@example.org,$2b$10$SntQi7I6pN9n4LRhZuWosuGPdoVW/Y/Np2r01mObg3BkxHpu9E0jW,user,False,True,Solution Enabler,,,,
6612947caddf941b98f24cd3,Michael,Hutchinson,tanthony@example.net,$2b$10$SntQi7I6pN9n4LRhZuWosuGPdoVW/Y/Np2r01mObg3BkxHpu9E0jW,user,False,True,Sr. Software Engineer,,,,
6612947caddf941b98f24cd4,Nathaniel,Payne,jessicawilliams@example.com,$2b$10$SntQi7I6pN9n4LRhZuWosuGPdoVW/Y/Np2r01mObg3BkxHpu9E0jW,user,False,True,Consultant,,,,
6612947caddf941b98f24cd5,Victoria,Brown,nwilliams@example.com,$2b$10$SntQi7I6pN9n4LRhZuWosuGPdoVW/Y/Np2r01mObg3BkxHpu9E0jW,user,False,True,Architect,,,,
6612947caddf941b98f24cd6,Deborah,Cooper,owu@example.com,$2b$10$SntQi7I6pN9n4LRhZuWosuGPdoVW/Y/Np2r01mObg3BkxHpu9E0jW,admin,False,True,Architect,,,,
6612947caddf941b98f24cd7,Derek,Irwin,anthony29@example.org,$2b$10$SntQi7I6pN9n4LRhZuWosuGPdoVW/Y/Np2r01mObg3BkxHpu9E0jW,admin,False,True,Principal Architect,,,,
6612947caddf941b98f24cd8,Amanda,Turner,xbrown@example.com,$2b$10$SntQi7I6pN9n4LRhZuWosuGPdoVW/Y/Np2r01mObg3BkxHpu9E0jW,user,False,True,Consultant,,,,
6612947caddf941b98f24cd9,Zachary,Anderson,allison67@example.net,$2b$10$SntQi7I6pN9n4LRhZuWosuGPdoVW/Y/Np2r01mObg3BkxHpu9E0jW,admin,False,True,Sr. Software Engineer,,,,
6612947caddf941b98f24cda,Daniel,Whitehead,bellapril@example.org,$2b$10$SntQi7I6pN9n4LRhZuWosuGPdoVW/Y/Np2r01mObg3BkxHpu9E0jW,admin,False,True,Consultant,,,,
6612947caddf941b98f24cdb,Shelia,Huff,vmartin@example.org,$2b$10$SntQi7I6pN9n4LRhZuWosuGPdoVW/Y/Np2r01mObg3BkxHpu9E0jW,user,False,True,Sr. Software Engineer,,,,
6612947caddf941b98f24cdc,David,Browning,cwhite@example.net,$2b$10$SntQi7I6pN9n4LRhZuWosuGPdoVW/Y/Np2r01mObg3BkxHpu9E0jW,user,False,True,Principal Architect,,,,
6612947caddf941b98f24cdd,William,Nicholson,woneill@example.org,$2b$10$SntQi7I6pN9n4LRhZuWosuGPdoVW/Y/Np2r01mObg3BkxHpu9E0jW,admin,False,True,Principal Architect,,,,
6612947caddf941b98f24cde,Eric,Hughes,brianwright@example.org,$2b$10$SntQi7I6pN9n4LRhZuWosuGPdoVW/Y/Np2r01mObg3BkxHpu9E0jW,admin,False,True,Sr. Software Engineer,,,,
6612947caddf941b98f24cdf,Brian,Harris,jennifer05@example.com,$2b$10$SntQi7I6pN9n4LRhZuWosuGPdoVW/Y/Np2r01mObg3BkxHpu9E0jW,admin,False,True,Solution Enabler,,,,
6612947caddf941b98f24ce0,Rachel,Jones,bradley88@example.net,$2b$10$SntQi7I6pN9n4LRhZuWosuGPdoVW/Y/Np2r01mObg3BkxHpu9E0jW,admin,False,True,Software Engineer,,,,
6612947caddf941b98f24ce1,Scott,Jones,michelle57@example.net,$2b$10$SntQi7I6pN9n4LRhZuWosuGPdoVW/Y/Np2r01mObg3BkxHpu9E0jW,admin,False,True,Sr. Software Engineer,,,,
6612947daddf941b98f24ce2,Daniel,Graham,derrickmartinez@example.net,$2b$10$SntQi7I6pN9n4LRhZuWosuGPdoVW/Y/Np2r01mObg3BkxHpu9E0jW,user,False,True,Consultant,,,,
6612947daddf941b98f24ce3,David,Friedman,pjohnson@example.com,$2b$10$SntQi7I6pN9n4LRhZuWosuGPdoVW/Y/Np2r01mObg3BkxHpu9E0jW,admin,False,True,Consultant,,,,
6612947daddf941b98f24ce4,Matthew,Davenport,lsmith@example.net,$2b$10$SntQi7I6pN9n4LRhZuWosuGPdoVW/Y/Np2r01mObg3BkxHpu9E0jW,user,False,True,Sr. Software Engineer,,,,
6612947daddf941b98f24ce5,Jay,Brooks,jacob72@example.com,$2b$10$SntQi7I6pN9n4LRhZuWosuGPdoVW/Y/Np2r01mObg3BkxHpu9E0jW,admin,False,True,Principal Architect,,,,
6612947daddf941b98f24ce6,Holly,Watts,rachel25@example.net,$2b$10$SntQi7I6pN9n4LRhZuWosuGPdoVW/Y/Np2r01mObg3BkxHpu9E0jW,user,False,True,Sr. Software Engineer,,,,
6612947daddf941b98f24ce7,Stephanie,Krause,lisa24@example.com,$2b$10$SntQi7I6pN9n4LRhZuWosuGPdoVW/Y/Np2r01mObg3BkxHpu9E0jW,user,False,True,Consultant,,,,
6612947daddf941b98f24ce8,Barbara,Jones,zjones@example.com,$2b$10$SntQi7I6pN9n4LRhZuWosuGPdoVW/Y/Np2r01mObg3BkxHpu9E0jW,admin,False,True,Solution Enabler,,,,
6612947daddf941b98f24ce9,Anna,Dougherty,youngelizabeth@example.org,$2b$10$SntQi7I6pN9n4LRhZuWosuGPdoVW/Y/Np2r01mObg3BkxHpu9E0jW,user,False,True,Consultant,,,,
6612947daddf941b98f24cea,Todd,Kelly,jacobsonemily@example.net,$2b$10$SntQi7I6pN9n4LRhZuWosuGPdoVW/Y/Np2r01mObg3BkxHpu9E0jW,user,False,True,Software Engineer,,,,
6612947daddf941b98f24ceb,Jennifer,Harvey,ecain@example.net,$2b$10$SntQi7I6pN9n4LRhZuWosuGPdoVW/Y/Np2r01mObg3BkxHpu9E0jW,admin,False,True,Architect,,,,
6612947daddf941b98f24cec,Francisco,Brown,jeffrey30@example.com,$2b$10$SntQi7I6pN9n4LRhZuWosuGPdoVW/Y/Np2r01mObg3BkxHpu9E0jW,admin,False,True,Architect,,,,
6612947daddf941b98f24ced,Derrick,Decker,blackburnamanda@example.org,$2b$10$SntQi7I6pN9n4LRhZuWosuGPdoVW/Y/Np2r01mObg3BkxHpu9E0jW,admin,False,True,Sr. Software Engineer,,,,
6612947daddf941b98f24cee,Seth,Miles,mendezjacob@example.org,$2b$10$SntQi7I6pN9n4LRhZuWosuGPdoVW/Y/Np2r01mObg3BkxHpu9E0jW,admin,False,True,Solution Enabler,,,,
6612947daddf941b98f24cef,Joyce,Mitchell,stephanie46@example.com,$2b$10$SntQi7I6pN9n4LRhZuWosuGPdoVW/Y/Np2r01mObg3BkxHpu9E0jW,user,False,True,Sr. Software Engineer,,,,
6612947daddf941b98f24cf0,Cynthia,Anthony,larsonjulie@example.com,$2b$10$SntQi7I6pN9n4LRhZuWosuGPdoVW/Y/Np2r01mObg3BkxHpu9E0jW,admin,False,True,Sr. Software Engineer,,,,
6612947eaddf941b98f24cf1,Makayla,Mcmahon,dennisbarton@example.com,$2b$10$SntQi7I6pN9n4LRhZuWosuGPdoVW/Y/Np2r01mObg3BkxHpu9E0jW,user,False,True,Software Engineer,,,,
6612947eaddf941b98f24cf2,Richard,Brown,rhuerta@example.com,$2b$10$SntQi7I6pN9n4LRhZuWosuGPdoVW/Y/Np2r01mObg3BkxHpu9E0jW,admin,False,True,Solution Enabler,,,,
6612947eaddf941b98f24cf3,Melanie,Barker,wongscott@example.com,$2b$10$SntQi7I6pN9n4LRhZuWosuGPdoVW/Y/Np2r01mObg3BkxHpu9E0jW,admin,False,True,Sr. Software Engineer,,,,
6612947eaddf941b98f24cf4,Jackson,Cox,adam28@example.net,$2b$10$SntQi7I6pN9n4LRhZuWosuGPdoVW/Y/Np2r01mObg3BkxHpu9E0jW,user,False,True,Sr. Software Engineer,,,,
6612947eaddf941b98f24cf5,James,Sawyer,danielrobertson@example.net,$2b$10$SntQi7I6pN9n4LRhZuWosuGPdoVW/Y/Np2r01mObg3BkxHpu9E0jW,user,False,True,Sr. Software Engineer,,,,
6612947eaddf941b98f24cf6,Lori,Meadows,barbaraphillips@example.com,$2b$10$SntQi7I6pN9n4LRhZuWosuGPdoVW/Y/Np2r01mObg3BkxHpu9E0jW,admin,False,True,Solution Enabler,,,,
6612947eaddf941b98f24cf7,John,Wright,whill@example.org,$2b$10$SntQi7I6pN9n4LRhZuWosuGPdoVW/Y/Np2r01mObg3BkxHpu9E0jW,admin,False,True,Software Engineer,,,,
6612947eaddf941b98f24cf8,Shelley,Mejia,brenda21@example.com,$2b$10$SntQi7I6pN9n4LRhZuWosuGPdoVW/Y/Np2r01mObg3BkxHpu9E0jW,user,False,True,Sr. Software Engineer,,,,
6612947eaddf941b98f24cf9,Jeffery,Phillips,rick36@example.net,$2b$10$SntQi7I6pN9n4LRhZuWosuGPdoVW/Y/Np2r01mObg3BkxHpu9E0jW,admin,False,True,Principal Architect,,,,
6612947eaddf941b98f24cfa,Christine,Mckinney,rodriguezwilliam@example.org,$2b$10$SntQi7I6pN9n4LRhZuWosuGPdoVW/Y/Np2r01mObg3BkxHpu9E0jW,user,False,True,Consultant,,,,
6612947eaddf941b98f24cfb,Janice,Robinson,marilyncarlson@example.com,$2b$10$SntQi7I6pN9n4LRhZuWosuGPdoVW/Y/Np2r01mObg3BkxHpu9E0jW,admin,False,True,Solution Enabler,,,,
6612947eaddf941b98f24cfc,Tara,Dorsey,ooneal@example.org,$2b$10$SntQi7I6pN9n4LRhZuWosuGPdoVW/Y/Np2r01mObg3BkxHpu9E0jW,admin,False,True,Consultant,,,,
6612947eaddf941b98f24cfd,Carrie,Woods,hernandezmisty@example.org,$2b$10$SntQi7I6pN9n4LRhZuWosuGPdoVW/Y/Np2r01mObg3BkxHpu9E0jW,admin,False,True,Principal Architect,,,,
6612947eaddf941b98f24cfe,Jennifer,West,patriciabridges@example.net,$2b$10$SntQi7I6pN9n4LRhZuWosuGPdoVW/Y/Np2r01mObg3BkxHpu9E0jW,admin,False,True,Consultant,,,,
6612947eaddf941b98f24cff,George,Andrews,tamara86@example.com,$2b$10$SntQi7I6pN9n4LRhZuWosuGPdoVW/Y/Np2r01mObg3BkxHpu9E0jW,user,False,True,Principal Architect,,,,
6612947eaddf941b98f24d00,Sandra,Moore,jameskelly@example.net,$2b$10$SntQi7I6pN9n4LRhZuWosuGPdoVW/Y/Np2r01mObg3BkxHpu9E0jW,admin,False,True,Principal Architect,,,,
6612947faddf941b98f24d01,Nancy,Jenkins,craiggutierrez@example.net,$2b$10$SntQi7I6pN9n4LRhZuWosuGPdoVW/Y/Np2r01mObg3BkxHpu9E0jW,user,False,True,Principal Architect,,,,
6612947faddf941b98f24d02,Mary,Vasquez,jacobcabrera@example.com,$2b$10$SntQi7I6pN9n4LRhZuWosuGPdoVW/Y/Np2r01mObg3BkxHpu9E0jW,user,False,True,Principal Architect,,,,
6612947faddf941b98f24d03,Christopher,Moore,christianbryan@example.com,$2b$10$SntQi7I6pN9n4LRhZuWosuGPdoVW/Y/Np2r01mObg3BkxHpu9E0jW,user,False,True,Architect,,,,
6612947faddf941b98f24d04,Sharon,Le,timothyquinn@example.org,$2b$10$SntQi7I6pN9n4LRhZuWosuGPdoVW/Y/Np2r01mObg3BkxHpu9E0jW,admin,False,True,Principal Architect,,,,
6612947faddf941b98f24d05,Leslie,Flores,ramirezdustin@example.org,$2b$10$SntQi7I6pN9n4LRhZuWosuGPdoVW/Y/Np2r01mObg3BkxHpu9E0jW,admin,False,True,Solution Enabler,,,,
6612947faddf941b98f24d06,Joanne,Patterson,lopezteresa@example.com,$2b$10$SntQi7I6pN9n4LRhZuWosuGPdoVW/Y/Np2r01mObg3BkxHpu9E0jW,user,False,True,Sr. Software Engineer,,,,
6612947faddf941b98f24d07,Sara,Nelson,myersjesse@example.com,$2b$10$SntQi7I6pN9n4LRhZuWosuGPdoVW/Y/Np2r01mObg3BkxHpu9E0jW,user,False,True,Consultant,,,,
6612947faddf941b98f24d08,Miguel,King,tony83@example.com,$2b$10$SntQi7I6pN9n4LRhZuWosuGPdoVW/Y/Np2r01mObg3BkxHpu9E0jW,user,False,True,Solution Enabler,,,,
6612947faddf941b98f24d09,Angelica,Smith,owensadam@example.org,$2b$10$SntQi7I6pN9n4LRhZuWosuGPdoVW/Y/Np2r01mObg3BkxHpu9E0jW,admin,False,True,Principal Architect,,,,
6612947faddf941b98f24d0a,Connie,Lawrence,ugalvan@example.net,$2b$10$SntQi7I6pN9n4LRhZuWosuGPdoVW/Y/Np2r01mObg3BkxHpu9E0jW,user,False,True,Principal Architect,,,,
6612947faddf941b98f24d0b,Wendy,Booker,nthompson@example.org,$2b$10$SntQi7I6pN9n4LRhZuWosuGPdoVW/Y/Np2r01mObg3BkxHpu9E0jW,user,False,True,Software Engineer,,,,
6612947faddf941b98f24d0c,Matthew,Mcguire,jonbutler@example.org,$2b$10$SntQi7I6pN9n4LRhZuWosuGPdoVW/Y/Np2r01mObg3BkxHpu9E0jW,admin,False,True,Principal Architect,,,,
6612947faddf941b98f24d0d,Donald,Cook,fhansen@example.com,$2b$10$SntQi7I6pN9n4LRhZuWosuGPdoVW/Y/Np2r01mObg3BkxHpu9E0jW,user,False,True,Consultant,,,,
6612947faddf941b98f24d0e,Sarah,Lynch,gwhite@example.net,$2b$10$SntQi7I6pN9n4LRhZuWosuGPdoVW/Y/Np2r01mObg3BkxHpu9E0jW,admin,False,True,Software Engineer,,,,
6612947faddf941b98f24d0f,Robert,Smith,brianblack@example.net,$2b$10$SntQi7I6pN9n4LRhZuWosuGPdoVW/Y/Np2r01mObg3BkxHpu9E0jW,admin,False,True,Software Engineer,,,,
6612947faddf941b98f24d10,Sara,Kelly,shannonmartin@example.net,$2b$10$SntQi7I6pN9n4LRhZuWosuGPdoVW/Y/Np2r01mObg3BkxHpu9E0jW,user,False,True,Software Engineer,,,,
66129480addf941b98f24d11,Michael,Johnson,jamesrichardson@example.net,$2b$10$SntQi7I6pN9n4LRhZuWosuGPdoVW/Y/Np2r01mObg3BkxHpu9E0jW,user,False,True,Software Engineer,,,,
66129480addf941b98f24d12,Thomas,Ashley,kjones@example.net,$2b$10$SntQi7I6pN9n4LRhZuWosuGPdoVW/Y/Np2r01mObg3BkxHpu9E0jW,user,False,True,Consultant,,,,
66129480addf941b98f24d13,John,Larson,mooneyrose@example.net,$2b$10$SntQi7I6pN9n4LRhZuWosuGPdoVW/Y/Np2r01mObg3BkxHpu9E0jW,user,False,True,Principal Architect,,,,
66129480addf941b98f24d14,Ryan,Clark,xmartinez@example.net,$2b$10$SntQi7I6pN9n4LRhZuWosuGPdoVW/Y/Np2r01mObg3BkxHpu9E0jW,admin,False,True,Sr. Software Engineer,,,,
66129480addf941b98f24d15,Gregory,Harrington,williamjohnson@example.net,$2b$10$SntQi7I6pN9n4LRhZuWosuGPdoVW/Y/Np2r01mObg3BkxHpu9E0jW,user,False,True,Principal Architect,,,,
66129480addf941b98f24d16,Caroline,Thompson,michael81@example.org,$2b$10$SntQi7I6pN9n4LRhZuWosuGPdoVW/Y/Np2r01mObg3BkxHpu9E0jW,user,False,True,Sr. Software Engineer,,,,
66129480addf941b98f24d17,Brian,Cook,bruce43@example.net,$2b$10$SntQi7I6pN9n4LRhZuWosuGPdoVW/Y/Np2r01mObg3BkxHpu9E0jW,user,False,True,Solution Enabler,,,,
66129480addf941b98f24d18,Eric,Porter,dianegeorge@example.net,$2b$10$SntQi7I6pN9n4LRhZuWosuGPdoVW/Y/Np2r01mObg3BkxHpu9E0jW,admin,False,True,Consultant,,,,
66129480addf941b98f24d19,Mary,Sanford,kimberlycampos@example.net,$2b$10$SntQi7I6pN9n4LRhZuWosuGPdoVW/Y/Np2r01mObg3BkxHpu9E0jW,admin,False,True,Sr. Software Engineer,,,,
66129480addf941b98f24d1a,John,Hughes,villanuevatony@example.net,$2b$10$SntQi7I6pN9n4LRhZuWosuGPdoVW/Y/Np2r01mObg3BkxHpu9E0jW,admin,False,True,Architect,,,,
66129480addf941b98f24d1b,Phillip,Stout,edwardszachary@example.net,$2b$10$SntQi7I6pN9n4LRhZuWosuGPdoVW/Y/Np2r01mObg3BkxHpu9E0jW,admin,False,True,Software Engineer,,,,
66129480addf941b98f24d1c,Timothy,Shelton,mccormickjacqueline@example.org,$2b$10$SntQi7I6pN9n4LRhZuWosuGPdoVW/Y/Np2r01mObg3BkxHpu9E0jW,user,False,True,Software Engineer,,,,
66129480addf941b98f24d1d,Jennifer,Thomas,karen70@example.net,$2b$10$SntQi7I6pN9n4LRhZuWosuGPdoVW/Y/Np2r01mObg3BkxHpu9E0jW,user,False,True,Architect,,,,
66129480addf941b98f24d1e,Matthew,Potter,joseweber@example.org,$2b$10$SntQi7I6pN9n4LRhZuWosuGPdoVW/Y/Np2r01mObg3BkxHpu9E0jW,user,False,True,Consultant,,,,
66129480addf941b98f24d1f,Melissa,Black,peckjames@example.com,$2b$10$SntQi7I6pN9n4LRhZuWosuGPdoVW/Y/Np2r01mObg3BkxHpu9E0jW,user,False,True,Solution Enabler,,,,
66129480addf941b98f24d20,John,Garcia,madisonowens@example.com,$2b$10$SntQi7I6pN9n4LRhZuWosuGPdoVW/Y/Np2r01mObg3BkxHpu9E0jW,admin,False,True,Software Engineer,,,,
66129481addf941b98f24d21,Gary,Cohen,patricia33@example.org,$2b$10$SntQi7I6pN9n4LRhZuWosuGPdoVW/Y/Np2r01mObg3BkxHpu9E0jW,user,False,True,Principal Architect,,,,
66129481addf941b98f24d22,Michael,Lester,karenjohnson@example.org,$2b$10$SntQi7I6pN9n4LRhZuWosuGPdoVW/Y/Np2r01mObg3BkxHpu9E0jW,admin,False,True,Software Engineer,,,,
66129481addf941b98f24d23,Rachel,Rivas,tmurphy@example.org,$2b$10$SntQi7I6pN9n4LRhZuWosuGPdoVW/Y/Np2r01mObg3BkxHpu9E0jW,user,False,True,Principal Architect,,,,
66129481addf941b98f24d24,Joshua,Spears,christopher53@example.org,$2b$10$SntQi7I6pN9n4LRhZuWosuGPdoVW/Y/Np2r01mObg3BkxHpu9E0jW,admin,False,True,Principal Architect,,,,
66129481addf941b98f24d25,Jennifer,Ali,kellyjacqueline@example.net,$2b$10$SntQi7I6pN9n4LRhZuWosuGPdoVW/Y/Np2r01mObg3BkxHpu9E0jW,admin,False,True,Principal Architect,,,,
66129481addf941b98f24d26,Elizabeth,Mccoy,elizabethortiz@example.com,$2b$10$SntQi7I6pN9n4LRhZuWosuGPdoVW/Y/Np2r01mObg3BkxHpu9E0jW,user,False,True,Architect,,,,
66129481addf941b98f24d27,Kevin,Rodriguez,hannahhenson@example.net,$2b$10$SntQi7I6pN9n4LRhZuWosuGPdoVW/Y/Np2r01mObg3BkxHpu9E0jW,user,False,True,Consultant,,,,
66129481addf941b98f24d28,Travis,Solomon,romerostacy@example.org,$2b$10$SntQi7I6pN9n4LRhZuWosuGPdoVW/Y/Np2r01mObg3BkxHpu9E0jW,admin,False,True,Architect,,,,
66129481addf941b98f24d29,Kaitlyn,King,elizabeth89@example.com,$2b$10$SntQi7I6pN9n4LRhZuWosuGPdoVW/Y/Np2r01mObg3BkxHpu9E0jW,user,False,True,Architect,,,,
66129481addf941b98f24d2a,Briana,Petersen,tiffanyanderson@example.net,$2b$10$SntQi7I6pN9n4LRhZuWosuGPdoVW/Y/Np2r01mObg3BkxHpu9E0jW,admin,False,True,Sr. Software Engineer,,,,
66129481addf941b98f24d2b,Amanda,Gonzalez,watkinsjessica@example.org,$2b$10$SntQi7I6pN9n4LRhZuWosuGPdoVW/Y/Np2r01mObg3BkxHpu9E0jW,admin,False,True,Software Engineer,,,,
66129481addf941b98f24d2c,Alexander,Cain,christopher93@example.net,$2b$10$SntQi7I6pN9n4LRhZuWosuGPdoVW/Y/Np2r01mObg3BkxHpu9E0jW,user,False,True,Consultant,,,,
66129481addf941b98f24d2d,Michael,Barton,zhill@example.net,$2b$10$SntQi7I6pN9n4LRhZuWosuGPdoVW/Y/Np2r01mObg3BkxHpu9E0jW,user,False,True,Sr. Software Engineer,,,,
66129481addf941b98f24d2e,Danielle,Bullock,jason62@example.org,$2b$10$SntQi7I6pN9n4LRhZuWosuGPdoVW/Y/Np2r01mObg3BkxHpu9E0jW,user,False,True,Architect,,,,
66129481addf941b98f24d2f,Dustin,Hoffman,cindy16@example.org,$2b$10$SntQi7I6pN9n4LRhZuWosuGPdoVW/Y/Np2r01mObg3BkxHpu9E0jW,admin,False,True,Architect,,,,
66129482addf941b98f24d30,Diana,Dennis,garzakevin@example.org,$2b$10$SntQi7I6pN9n4LRhZuWosuGPdoVW/Y/Np2r01mObg3BkxHpu9E0jW,admin,False,True,Architect,,,,
66129482addf941b98f24d31,Emily,Cuevas,vasquezamy@example.org,$2b$10$SntQi7I6pN9n4LRhZuWosuGPdoVW/Y/Np2r01mObg3BkxHpu9E0jW,user,False,True,Sr. Software Engineer,,,,
66129482addf941b98f24d32,Barbara,Marquez,kylejordan@example.net,$2b$10$SntQi7I6pN9n4LRhZuWosuGPdoVW/Y/Np2r01mObg3BkxHpu9E0jW,user,False,True,Solution Enabler,,,,
66129482addf941b98f24d33,Robert,Simmons,vgray@example.com,$2b$10$SntQi7I6pN9n4LRhZuWosuGPdoVW/Y/Np2r01mObg3BkxHpu9E0jW,admin,False,True,Consultant,,,,
66129482addf941b98f24d34,Gregory,Morgan,jeffreylopez@example.org,$2b$10$SntQi7I6pN9n4LRhZuWosuGPdoVW/Y/Np2r01mObg3BkxHpu9E0jW,admin,False,True,Consultant,,,,
66129482addf941b98f24d35,Cesar,Schwartz,fritzmary@example.org,$2b$10$SntQi7I6pN9n4LRhZuWosuGPdoVW/Y/Np2r01mObg3BkxHpu9E0jW,admin,False,True,Consultant,,,,
66129482addf941b98f24d36,Andrew,Gardner,diane17@example.com,$2b$10$SntQi7I6pN9n4LRhZuWosuGPdoVW/Y/Np2r01mObg3BkxHpu9E0jW,admin,False,True,Solution Enabler,,,,
66129482addf941b98f24d37,Shawn,Flynn,ryan06@example.com,$2b$10$SntQi7I6pN9n4LRhZuWosuGPdoVW/Y/Np2r01mObg3BkxHpu9E0jW,admin,False,True,Architect,,,,
66129482addf941b98f24d38,Lisa,Taylor,kathyedwards@example.com,$2b$10$SntQi7I6pN9n4LRhZuWosuGPdoVW/Y/Np2r01mObg3BkxHpu9E0jW,admin,False,True,Sr. Software Engineer,,,,
66129482addf941b98f24d39,Glen,Patel,nvilla@example.com,$2b$10$SntQi7I6pN9n4LRhZuWosuGPdoVW/Y/Np2r01mObg3BkxHpu9E0jW,user,False,True,Solution Enabler,,,,
66129482addf941b98f24d3a,Jennifer,Gonzalez,dholmes@example.net,$2b$10$SntQi7I6pN9n4LRhZuWosuGPdoVW/Y/Np2r01mObg3BkxHpu9E0jW,admin,False,True,Principal Architect,,,,
66129482addf941b98f24d3b,Kimberly,Cole,spencervincent@example.org,$2b$10$SntQi7I6pN9n4LRhZuWosuGPdoVW/Y/Np2r01mObg3BkxHpu9E0jW,user,False,True,Architect,,,,
66129482addf941b98f24d3c,Amanda,Murphy,jonathanmatthews@example.com,$2b$10$SntQi7I6pN9n4LRhZuWosuGPdoVW/Y/Np2r01mObg3BkxHpu9E0jW,user,False,True,Software Engineer,,,,
66129482addf941b98f24d3d,Brandon,Lee,brian77@example.net,$2b$10$SntQi7I6pN9n4LRhZuWosuGPdoVW/Y/Np2r01mObg3BkxHpu9E0jW,admin,False,True,Consultant,,,,
66129482addf941b98f24d3e,David,Casey,yjohnson@example.org,$2b$10$SntQi7I6pN9n4LRhZuWosuGPdoVW/Y/Np2r01mObg3BkxHpu9E0jW,admin,False,True,Solution Enabler,,,,
66129483addf941b98f24d3f,Tony,Sullivan,ohudson@example.org,$2b$10$SntQi7I6pN9n4LRhZuWosuGPdoVW/Y/Np2r01mObg3BkxHpu9E0jW,admin,False,True,Sr. Software Engineer,,,,
66129483addf941b98f24d40,Lori,Kidd,rodriguezdavid@example.org,$2b$10$SntQi7I6pN9n4LRhZuWosuGPdoVW/Y/Np2r01mObg3BkxHpu9E0jW,admin,False,True,Consultant,,,,
66129483addf941b98f24d41,Justin,Conner,russellkathy@example.net,$2b$10$SntQi7I6pN9n4LRhZuWosuGPdoVW/Y/Np2r01mObg3BkxHpu9E0jW,user,False,True,Principal Architect,,,,
66129483addf941b98f24d42,Kimberly,Jones,lesliedavis@example.org,$2b$10$SntQi7I6pN9n4LRhZuWosuGPdoVW/Y/Np2r01mObg3BkxHpu9E0jW,admin,False,True,Software Engineer,,,,
66129483addf941b98f24d43,Joseph,Adams,catherinenelson@example.net,$2b$10$SntQi7I6pN9n4LRhZuWosuGPdoVW/Y/Np2r01mObg3BkxHpu9E0jW,admin,False,True,Solution Enabler,,,,
66129483addf941b98f24d44,Timothy,Austin,harrisonpatricia@example.net,$2b$10$SntQi7I6pN9n4LRhZuWosuGPdoVW/Y/Np2r01mObg3BkxHpu9E0jW,user,False,True,Architect,,,,
66129483addf941b98f24d45,Jennifer,Lynch,zachary13@example.net,$2b$10$SntQi7I6pN9n4LRhZuWosuGPdoVW/Y/Np2r01mObg3BkxHpu9E0jW,user,False,True,Architect,,,,
66129483addf941b98f24d46,Amber,Ward,allison42@example.net,$2b$10$SntQi7I6pN9n4LRhZuWosuGPdoVW/Y/Np2r01mObg3BkxHpu9E0jW,admin,False,True,Software Engineer,,,,
66129483addf941b98f24d47,Brenda,Melton,stephanie24@example.net,$2b$10$SntQi7I6pN9n4LRhZuWosuGPdoVW/Y/Np2r01mObg3BkxHpu9E0jW,admin,False,True,Consultant,,,,
66129483addf941b98f24d48,David,Fisher,aaron57@example.org,$2b$10$SntQi7I6pN9n4LRhZuWosuGPdoVW/Y/Np2r01mObg3BkxHpu9E0jW,admin,False,True,Sr. Software Engineer,,,,
66129483addf941b98f24d49,Derek,Boyd,meyertimothy@example.com,$2b$10$SntQi7I6pN9n4LRhZuWosuGPdoVW/Y/Np2r01mObg3BkxHpu9E0jW,admin,False,True,Architect,,,,
66129483addf941b98f24d4a,Thomas,Mills,howardmichael@example.net,$2b$10$SntQi7I6pN9n4LRhZuWosuGPdoVW/Y/Np2r01mObg3BkxHpu9E0jW,user,False,True,Architect,,,,
66129483addf941b98f24d4b,Stephanie,Coleman,edwardacosta@example.org,$2b$10$SntQi7I6pN9n4LRhZuWosuGPdoVW/Y/Np2r01mObg3BkxHpu9E0jW,admin,False,True,Sr. Software Engineer,,,,
66129483addf941b98f24d4c,Teresa,Greer,christopherstewart@example.com,$2b$10$SntQi7I6pN9n4LRhZuWosuGPdoVW/Y/Np2r01mObg3BkxHpu9E0jW,admin,False,True,Consultant,,,,
66129483addf941b98f24d4d,Matthew,Hill,donna93@example.com,$2b$10$SntQi7I6pN9n4LRhZuWosuGPdoVW/Y/Np2r01mObg3BkxHpu9E0jW,admin,False,True,Sr. Software Engineer,,,,
66129484addf941b98f24d4e,Tyler,Jones,sara82@example.net,$2b$10$SntQi7I6pN9n4LRhZuWosuGPdoVW/Y/Np2r01mObg3BkxHpu9E0jW,user,False,True,Solution Enabler,,,,
66129484addf941b98f24d4f,Jeanette,Herring,jillyoung@example.net,$2b$10$SntQi7I6pN9n4LRhZuWosuGPdoVW/Y/Np2r01mObg3BkxHpu9E0jW,admin,False,True,Sr. Software Engineer,,,,
66129484addf941b98f24d50,Karen,Collins,swilson@example.net,$2b$10$SntQi7I6pN9n4LRhZuWosuGPdoVW/Y/Np2r01mObg3BkxHpu9E0jW,user,False,True,Architect,,,,
66129484addf941b98f24d51,James,Gonzalez,erinmartin@example.com,$2b$10$SntQi7I6pN9n4LRhZuWosuGPdoVW/Y/Np2r01mObg3BkxHpu9E0jW,admin,False,True,Principal Architect,,,,
66129484addf941b98f24d52,Jerry,Church,plewis@example.org,$2b$10$SntQi7I6pN9n4LRhZuWosuGPdoVW/Y/Np2r01mObg3BkxHpu9E0jW,user,False,True,Principal Architect,,,,
66129484addf941b98f24d53,Joseph,Morrow,wilsonleah@example.net,$2b$10$SntQi7I6pN9n4LRhZuWosuGPdoVW/Y/Np2r01mObg3BkxHpu9E0jW,user,False,True,Solution Enabler,,,,
66129484addf941b98f24d54,Lauren,Fox,imartinez@example.com,$2b$10$SntQi7I6pN9n4LRhZuWosuGPdoVW/Y/Np2r01mObg3BkxHpu9E0jW,user,False,True,Sr. Software Engineer,,,,
66129484addf941b98f24d55,Gina,Tate,xmiller@example.net,$2b$10$SntQi7I6pN9n4LRhZuWosuGPdoVW/Y/Np2r01mObg3BkxHpu9E0jW,admin,False,True,Principal Architect,,,,
66129484addf941b98f24d56,Amanda,Pace,kimberlyjimenez@example.org,$2b$10$SntQi7I6pN9n4LRhZuWosuGPdoVW/Y/Np2r01mObg3BkxHpu9E0jW,user,False,True,Consultant,,,,
66129484addf941b98f24d57,Katrina,Hines,drussell@example.net,$2b$10$SntQi7I6pN9n4LRhZuWosuGPdoVW/Y/Np2r01mObg3BkxHpu9E0jW,user,False,True,Solution Enabler,,,,
66129484addf941b98f24d58,Carla,Smith,william35@example.org,$2b$10$SntQi7I6pN9n4LRhZuWosuGPdoVW/Y/Np2r01mObg3BkxHpu9E0jW,user,False,True,Software Engineer,,,,
66129484addf941b98f24d59,Robert,Brown,brandonwilliams@example.com,$2b$10$SntQi7I6pN9n4LRhZuWosuGPdoVW/Y/Np2r01mObg3BkxHpu9E0jW,admin,False,True,Principal Architect,,,,
66129484addf941b98f24d5a,Rachel,Wright,kaylacox@example.net,$2b$10$SntQi7I6pN9n4LRhZuWosuGPdoVW/Y/Np2r01mObg3BkxHpu9E0jW,user,False,True,Software Engineer,,,,
66129484addf941b98f24d5b,Jerry,Schroeder,sanchezbruce@example.org,$2b$10$SntQi7I6pN9n4LRhZuWosuGPdoVW/Y/Np2r01mObg3BkxHpu9E0jW,admin,False,True,Software Engineer,,,,
66129484addf941b98f24d5c,Brittany,Cochran,michelledaniels@example.com,$2b$10$SntQi7I6pN9n4LRhZuWosuGPdoVW/Y/Np2r01mObg3BkxHpu9E0jW,admin,False,True,Architect,,,,
66129485addf941b98f24d5d,Samuel,Mcclure,rebeccabarnes@example.org,$2b$10$SntQi7I6pN9n4LRhZuWosuGPdoVW/Y/Np2r01mObg3BkxHpu9E0jW,admin,False,True,Software Engineer,,,,
66129485addf941b98f24d5e,Brent,Johnson,kyle07@example.net,$2b$10$SntQi7I6pN9n4LRhZuWosuGPdoVW/Y/Np2r01mObg3BkxHpu9E0jW,user,False,True,Consultant,,,,
66129485addf941b98f24d5f,Amanda,Turner,jboyd@example.net,$2b$10$SntQi7I6pN9n4LRhZuWosuGPdoVW/Y/Np2r01mObg3BkxHpu9E0jW,user,False,True,Principal Architect,,,,
66129485addf941b98f24d60,Angela,Castro,alicia29@example.org,$2b$10$SntQi7I6pN9n4LRhZuWosuGPdoVW/Y/Np2r01mObg3BkxHpu9E0jW,user,False,True,Principal Architect,,,,
66129485addf941b98f24d61,Ashley,Wright,vargasapril@example.net,$2b$10$SntQi7I6pN9n4LRhZuWosuGPdoVW/Y/Np2r01mObg3BkxHpu9E0jW,user,False,True,Software Engineer,,,,
66129485addf941b98f24d62,Victoria,Grant,aday@example.org,$2b$10$SntQi7I6pN9n4LRhZuWosuGPdoVW/Y/Np2r01mObg3BkxHpu9E0jW,admin,False,True,Architect,,,,
66129485addf941b98f24d63,Michael,Gonzalez,coxalexa@example.org,$2b$10$SntQi7I6pN9n4LRhZuWosuGPdoVW/Y/Np2r01mObg3BkxHpu9E0jW,admin,False,True,Sr. Software Engineer,,,,
66129485addf941b98f24d64,Robert,Howe,hillmatthew@example.org,$2b$10$SntQi7I6pN9n4LRhZuWosuGPdoVW/Y/Np2r01mObg3BkxHpu9E0jW,admin,False,True,Software Engineer,,,,
66129485addf941b98f24d65,Kristi,Crosby,oharris@example.com,$2b$10$SntQi7I6pN9n4LRhZuWosuGPdoVW/Y/Np2r01mObg3BkxHpu9E0jW,user,False,True,Consultant,,,,
66129485addf941b98f24d66,Roger,Weber,chelseadavis@example.org,$2b$10$SntQi7I6pN9n4LRhZuWosuGPdoVW/Y/Np2r01mObg3BkxHpu9E0jW,admin,False,True,Sr. Software Engineer,,,,
66129485addf941b98f24d67,Natalie,Turner,santosalexandra@example.com,$2b$10$SntQi7I6pN9n4LRhZuWosuGPdoVW/Y/Np2r01mObg3BkxHpu9E0jW,admin,False,True,Solution Enabler,,,,
66129485addf941b98f24d68,Tanner,Murray,matthewwaters@example.com,$2b$10$SntQi7I6pN9n4LRhZuWosuGPdoVW/Y/Np2r01mObg3BkxHpu9E0jW,admin,False,True,Solution Enabler,,,,
66129485addf941b98f24d69,Robert,Goodwin,jamesderek@example.com,$2b$10$SntQi7I6pN9n4LRhZuWosuGPdoVW/Y/Np2r01mObg3BkxHpu9E0jW,admin,False,True,Software Engineer,,,,
66129485addf941b98f24d6a,Daisy,Hill,christopher05@example.org,$2b$10$SntQi7I6pN9n4LRhZuWosuGPdoVW/Y/Np2r01mObg3BkxHpu9E0jW,user,False,True,Principal Architect,,,,
66129485addf941b98f24d6b,Patricia,Little,johnsonlauren@example.net,$2b$10$SntQi7I6pN9n4LRhZuWosuGPdoVW/Y/Np2r01mObg3BkxHpu9E0jW,user,False,True,Principal Architect,,,,
66129486addf941b98f24d6c,Natalie,Thompson,angela16@example.net,$2b$10$SntQi7I6pN9n4LRhZuWosuGPdoVW/Y/Np2r01mObg3BkxHpu9E0jW,user,False,True,Consultant,,,,
66129486addf941b98f24d6d,Tina,Larson,odavis@example.com,$2b$10$SntQi7I6pN9n4LRhZuWosuGPdoVW/Y/Np2r01mObg3BkxHpu9E0jW,user,False,True,Consultant,,,,
66129486addf941b98f24d6e,Amanda,Martin,ruizcaleb@example.org,$2b$10$SntQi7I6pN9n4LRhZuWosuGPdoVW/Y/Np2r01mObg3BkxHpu9E0jW,user,False,True,Solution Enabler,,,,
66129486addf941b98f24d6f,Blake,Jones,kristenwhitney@example.org,$2b$10$SntQi7I6pN9n4LRhZuWosuGPdoVW/Y/Np2r01mObg3BkxHpu9E0jW,admin,False,True,Architect,,,,
66129486addf941b98f24d70,Lisa,Barrera,eric97@example.org,$2b$10$SntQi7I6pN9n4LRhZuWosuGPdoVW/Y/Np2r01mObg3BkxHpu9E0jW,admin,False,True,Consultant,,,,
66129486addf941b98f24d71,Joshua,Mcfarland,corey17@example.org,$2b$10$SntQi7I6pN9n4LRhZuWosuGPdoVW/Y/Np2r01mObg3BkxHpu9E0jW,user,False,True,Consultant,,,,
66129486addf941b98f24d72,Christina,Mccormick,romerojeffrey@example.org,$2b$10$SntQi7I6pN9n4LRhZuWosuGPdoVW/Y/Np2r01mObg3BkxHpu9E0jW,admin,False,True,Sr. Software Engineer,,,,
66129486addf941b98f24d73,Sydney,Williams,crawfordkatie@example.net,$2b$10$SntQi7I6pN9n4LRhZuWosuGPdoVW/Y/Np2r01mObg3BkxHpu9E0jW,user,False,True,Software Engineer,,,,
66129486addf941b98f24d74,Daisy,Neal,brent59@example.net,$2b$10$SntQi7I6pN9n4LRhZuWosuGPdoVW/Y/Np2r01mObg3BkxHpu9E0jW,admin,False,True,Software Engineer,,,,
66129486addf941b98f24d75,Karen,Diaz,dhenderson@example.org,$2b$10$SntQi7I6pN9n4LRhZuWosuGPdoVW/Y/Np2r01mObg3BkxHpu9E0jW,user,False,True,Sr. Software Engineer,,,,
66129486addf941b98f24d76,John,Crawford,victoriagreen@example.com,$2b$10$SntQi7I6pN9n4LRhZuWosuGPdoVW/Y/Np2r01mObg3BkxHpu9E0jW,admin,False,True,Sr. Software Engineer,,,,
66129486addf941b98f24d77,Martha,Chen,xaustin@example.net,$2b$10$SntQi7I6pN9n4LRhZuWosuGPdoVW/Y/Np2r01mObg3BkxHpu9E0jW,user,False,True,Software Engineer,,,,
66129486addf941b98f24d78,Lacey,Foster,dawnpalmer@example.net,$2b$10$SntQi7I6pN9n4LRhZuWosuGPdoVW/Y/Np2r01mObg3BkxHpu9E0jW,user,False,True,Architect,,,,
66129486addf941b98f24d79,Brian,Richardson,rwagner@example.net,$2b$10$SntQi7I6pN9n4LRhZuWosuGPdoVW/Y/Np2r01mObg3BkxHpu9E0jW,user,False,True,Architect,,,,
66129486addf941b98f24d7a,Amanda,Howell,angeladavis@example.org,$2b$10$SntQi7I6pN9n4LRhZuWosuGPdoVW/Y/Np2r01mObg3BkxHpu9E0jW,admin,False,True,Software Engineer,,,,
66129486addf941b98f24d7b,Robin,Tate,hmay@example.org,$2b$10$SntQi7I6pN9n4LRhZuWosuGPdoVW/Y/Np2r01mObg3BkxHpu9E0jW,user,False,True,Sr. Software Engineer,,,,
66129487addf941b98f24d7c,William,Cooper,grantarthur@example.org,$2b$10$SntQi7I6pN9n4LRhZuWosuGPdoVW/Y/Np2r01mObg3BkxHpu9E0jW,admin,False,True,Software Engineer,,,,
66129487addf941b98f24d7d,David,Jacobs,millerheather@example.net,$2b$10$SntQi7I6pN9n4LRhZuWosuGPdoVW/Y/Np2r01mObg3BkxHpu9E0jW,admin,False,True,Solution Enabler,,,,
66129487addf941b98f24d7e,Ashley,Welch,cookheather@example.org,$2b$10$SntQi7I6pN9n4LRhZuWosuGPdoVW/Y/Np2r01mObg3BkxHpu9E0jW,admin,False,True,Principal Architect,,,,
66129487addf941b98f24d7f,Danielle,Hicks,joshuaavila@example.net,$2b$10$SntQi7I6pN9n4LRhZuWosuGPdoVW/Y/Np2r01mObg3BkxHpu9E0jW,admin,False,True,Architect,,,,
66129487addf941b98f24d80,George,Weaver,ithompson@example.com,$2b$10$SntQi7I6pN9n4LRhZuWosuGPdoVW/Y/Np2r01mObg3BkxHpu9E0jW,user,False,True,Consultant,,,,
66129487addf941b98f24d81,Gary,Perry,jonvega@example.com,$2b$10$SntQi7I6pN9n4LRhZuWosuGPdoVW/Y/Np2r01mObg3BkxHpu9E0jW,user,False,True,Software Engineer,,,,
66129487addf941b98f24d82,John,Morgan,john63@example.org,$2b$10$SntQi7I6pN9n4LRhZuWosuGPdoVW/Y/Np2r01mObg3BkxHpu9E0jW,admin,False,True,Architect,,,,
66129487addf941b98f24d83,Bradley,Hernandez,janice72@example.net,$2b$10$SntQi7I6pN9n4LRhZuWosuGPdoVW/Y/Np2r01mObg3BkxHpu9E0jW,user,False,True,Consultant,,,,
66129487addf941b98f24d84,Stephanie,Hoffman,katie15@example.net,$2b$10$SntQi7I6pN9n4LRhZuWosuGPdoVW/Y/Np2r01mObg3BkxHpu9E0jW,user,False,True,Architect,,,,
66129487addf941b98f24d85,Nicole,Conner,alijohn@example.org,$2b$10$SntQi7I6pN9n4LRhZuWosuGPdoVW/Y/Np2r01mObg3BkxHpu9E0jW,user,False,True,Software Engineer,,,,
66129487addf941b98f24d86,Janice,Hernandez,shannon80@example.com,$2b$10$SntQi7I6pN9n4LRhZuWosuGPdoVW/Y/Np2r01mObg3BkxHpu9E0jW,user,False,True,Principal Architect,,,,
66129487addf941b98f24d87,John,Anderson,lewisleslie@example.com,$2b$10$SntQi7I6pN9n4LRhZuWosuGPdoVW/Y/Np2r01mObg3BkxHpu9E0jW,admin,False,True,Software Engineer,,,,
66129487addf941b98f24d88,Carolyn,Washington,andersonashley@example.net,$2b$10$SntQi7I6pN9n4LRhZuWosuGPdoVW/Y/Np2r01mObg3BkxHpu9E0jW,user,False,True,Sr. Software Engineer,,,,
66129487addf941b98f24d89,Natalie,Buck,nathan18@example.org,$2b$10$SntQi7I6pN9n4LRhZuWosuGPdoVW/Y/Np2r01mObg3BkxHpu9E0jW,admin,False,True,Sr. Software Engineer,,,,
66129487addf941b98f24d8a,Janet,Fernandez,kimberlysanders@example.net,$2b$10$SntQi7I6pN9n4LRhZuWosuGPdoVW/Y/Np2r01mObg3BkxHpu9E0jW,user,False,True,Software Engineer,,,,
66129487addf941b98f24d8b,Tammy,Bean,earl80@example.org,$2b$10$SntQi7I6pN9n4LRhZuWosuGPdoVW/Y/Np2r01mObg3BkxHpu9E0jW,user,False,True,Software Engineer,,,,
66129488addf941b98f24d8c,William,Reyes,littlekaren@example.com,$2b$10$SntQi7I6pN9n4LRhZuWosuGPdoVW/Y/Np2r01mObg3BkxHpu9E0jW,admin,False,True,Consultant,,,,
66129488addf941b98f24d8d,Melanie,Ruiz,denniscunningham@example.com,$2b$10$SntQi7I6pN9n4LRhZuWosuGPdoVW/Y/Np2r01mObg3BkxHpu9E0jW,user,False,True,Architect,,,,
66129488addf941b98f24d8e,Mallory,Allen,frankpratt@example.org,$2b$10$SntQi7I6pN9n4LRhZuWosuGPdoVW/Y/Np2r01mObg3BkxHpu9E0jW,user,False,True,Sr. Software Engineer,,,,
66129488addf941b98f24d8f,Bridget,Armstrong,lstevens@example.org,$2b$10$SntQi7I6pN9n4LRhZuWosuGPdoVW/Y/Np2r01mObg3BkxHpu9E0jW,admin,False,True,Consultant,,,,
66129488addf941b98f24d90,Tammy,Henderson,mitchellamanda@example.net,$2b$10$SntQi7I6pN9n4LRhZuWosuGPdoVW/Y/Np2r01mObg3BkxHpu9E0jW,admin,False,True,Sr. Software Engineer,,,,
66129488addf941b98f24d91,Donald,Young,scottrandall@example.org,$2b$10$SntQi7I6pN9n4LRhZuWosuGPdoVW/Y/Np2r01mObg3BkxHpu9E0jW,admin,False,True,Software Engineer,,,,
66129488addf941b98f24d92,Scott,Fuentes,boydjodi@example.com,$2b$10$SntQi7I6pN9n4LRhZuWosuGPdoVW/Y/Np2r01mObg3BkxHpu9E0jW,user,False,True,Architect,,,,
66129488addf941b98f24d93,Devin,Moore,dennis70@example.org,$2b$10$SntQi7I6pN9n4LRhZuWosuGPdoVW/Y/Np2r01mObg3BkxHpu9E0jW,admin,False,True,Consultant,,,,
66129488addf941b98f24d94,Antonio,Butler,wharvey@example.org,$2b$10$SntQi7I6pN9n4LRhZuWosuGPdoVW/Y/Np2r01mObg3BkxHpu9E0jW,admin,False,True,Sr. Software Engineer,,,,
66129488addf941b98f24d95,Carrie,Walton,marquezmichael@example.org,$2b$10$SntQi7I6pN9n4LRhZuWosuGPdoVW/Y/Np2r01mObg3BkxHpu9E0jW,user,False,True,Architect,,,,
66129488addf941b98f24d96,Madison,Richards,eugenebyrd@example.net,$2b$10$SntQi7I6pN9n4LRhZuWosuGPdoVW/Y/Np2r01mObg3BkxHpu9E0jW,user,False,True,Software Engineer,,,,
66129488addf941b98f24d97,Susan,Scott,tiffany94@example.com,$2b$10$SntQi7I6pN9n4LRhZuWosuGPdoVW/Y/Np2r01mObg3BkxHpu9E0jW,admin,False,True,Software Engineer,,,,
66129488addf941b98f24d98,Tara,Murray,johnsoncynthia@example.com,$2b$10$SntQi7I6pN9n4LRhZuWosuGPdoVW/Y/Np2r01mObg3BkxHpu9E0jW,user,False,True,Solution Enabler,,,,
66129488addf941b98f24d99,Vanessa,Chavez,brendaramirez@example.org,$2b$10$SntQi7I6pN9n4LRhZuWosuGPdoVW/Y/Np2r01mObg3BkxHpu9E0jW,user,False,True,Solution Enabler,,,,
66129488addf941b98f24d9a,Stacy,Rogers,danamcclain@example.com,$2b$10$SntQi7I6pN9n4LRhZuWosuGPdoVW/Y/Np2r01mObg3BkxHpu9E0jW,admin,False,True,Solution Enabler,,,,
66129489addf941b98f24d9b,Michael,Blanchard,stephen96@example.org,$2b$10$SntQi7I6pN9n4LRhZuWosuGPdoVW/Y/Np2r01mObg3BkxHpu9E0jW,admin,False,True,Consultant,,,,
66129489addf941b98f24d9c,Jill,Scott,mhensley@example.net,$2b$10$SntQi7I6pN9n4LRhZuWosuGPdoVW/Y/Np2r01mObg3BkxHpu9E0jW,admin,False,True,Consultant,,,,
66129489addf941b98f24d9d,Ian,Page,kgray@example.org,$2b$10$SntQi7I6pN9n4LRhZuWosuGPdoVW/Y/Np2r01mObg3BkxHpu9E0jW,user,False,True,Architect,,,,
66129489addf941b98f24d9e,Denise,Blackwell,karenwilliams@example.com,$2b$10$SntQi7I6pN9n4LRhZuWosuGPdoVW/Y/Np2r01mObg3BkxHpu9E0jW,admin,False,True,Architect,,,,
66129489addf941b98f24d9f,Vanessa,Rodriguez,pwade@example.org,$2b$10$SntQi7I6pN9n4LRhZuWosuGPdoVW/Y/Np2r01mObg3BkxHpu9E0jW,user,False,True,Consultant,,,,
66129489addf941b98f24da0,Christopher,Moore,leonard97@example.com,$2b$10$SntQi7I6pN9n4LRhZuWosuGPdoVW/Y/Np2r01mObg3BkxHpu9E0jW,admin,False,True,Principal Architect,,,,
66129489addf941b98f24da1,Jacob,Bruce,jonathan19@example.org,$2b$10$SntQi7I6pN9n4LRhZuWosuGPdoVW/Y/Np2r01mObg3BkxHpu9E0jW,user,False,True,Solution Enabler,,,,
66129489addf941b98f24da2,Jesus,Smith,vancelee@example.com,$2b$10$SntQi7I6pN9n4LRhZuWosuGPdoVW/Y/Np2r01mObg3BkxHpu9E0jW,admin,False,True,Software Engineer,,,,
66129489addf941b98f24da3,Kevin,Smith,christopher39@example.net,$2b$10$SntQi7I6pN9n4LRhZuWosuGPdoVW/Y/Np2r01mObg3BkxHpu9E0jW,user,False,True,Architect,,,,
66129489addf941b98f24da4,David,Richards,debrachang@example.com,$2b$10$SntQi7I6pN9n4LRhZuWosuGPdoVW/Y/Np2r01mObg3BkxHpu9E0jW,admin,False,True,Sr. Software Engineer,,,,
66129489addf941b98f24da5,Michelle,Rosales,clynch@example.org,$2b$10$SntQi7I6pN9n4LRhZuWosuGPdoVW/Y/Np2r01mObg3BkxHpu9E0jW,admin,False,True,Architect,,,,
66129489addf941b98f24da6,Katherine,Jefferson,charlescole@example.org,$2b$10$SntQi7I6pN9n4LRhZuWosuGPdoVW/Y/Np2r01mObg3BkxHpu9E0jW,admin,False,True,Architect,,,,
66129489addf941b98f24da7,Jason,Bell,norriskatherine@example.com,$2b$10$SntQi7I6pN9n4LRhZuWosuGPdoVW/Y/Np2r01mObg3BkxHpu9E0jW,admin,False,True,Solution Enabler,,,,
66129489addf941b98f24da8,James,Higgins,kathleen63@example.net,$2b$10$SntQi7I6pN9n4LRhZuWosuGPdoVW/Y/Np2r01mObg3BkxHpu9E0jW,user,False,True,Architect,,,,
66129489addf941b98f24da9,Richard,Parker,terri91@example.org,$2b$10$SntQi7I6pN9n4LRhZuWosuGPdoVW/Y/Np2r01mObg3BkxHpu9E0jW,user,False,True,Consultant,,,,
66129489addf941b98f24daa,Jennifer,Miller,alyssatate@example.net,$2b$10$SntQi7I6pN9n4LRhZuWosuGPdoVW/Y/Np2r01mObg3BkxHpu9E0jW,admin,False,True,Software Engineer,,,,
6612948aaddf941b98f24dab,Emily,Robinson,cookwillie@example.com,$2b$10$SntQi7I6pN9n4LRhZuWosuGPdoVW/Y/Np2r01mObg3BkxHpu9E0jW,admin,False,True,Consultant,,,,
6612948aaddf941b98f24dac,Stephanie,French,owenscaitlin@example.org,$2b$10$SntQi7I6pN9n4LRhZuWosuGPdoVW/Y/Np2r01mObg3BkxHpu9E0jW,user,False,True,Sr. Software Engineer,,,,
6612948aaddf941b98f24dad,Nancy,Willis,bstephens@example.com,$2b$10$SntQi7I6pN9n4LRhZuWosuGPdoVW/Y/Np2r01mObg3BkxHpu9E0jW,user,False,True,Solution Enabler,,,,
6612948aaddf941b98f24dae,Justin,Stewart,jennifer76@example.org,$2b$10$SntQi7I6pN9n4LRhZuWosuGPdoVW/Y/Np2r01mObg3BkxHpu9E0jW,admin,False,True,Software Engineer,,,,
6612948aaddf941b98f24daf,Lisa,Morales,maureenramirez@example.net,$2b$10$SntQi7I6pN9n4LRhZuWosuGPdoVW/Y/Np2r01mObg3BkxHpu9E0jW,user,False,True,Architect,,,,
6612948aaddf941b98f24db0,Andrea,Jackson,lmyers@example.com,$2b$10$SntQi7I6pN9n4LRhZuWosuGPdoVW/Y/Np2r01mObg3BkxHpu9E0jW,user,False,True,Principal Architect,,,,
6612948aaddf941b98f24db1,Anthony,Lee,jenkinssusan@example.net,$2b$10$SntQi7I6pN9n4LRhZuWosuGPdoVW/Y/Np2r01mObg3BkxHpu9E0jW,user,False,True,Sr. Software Engineer,,,,
6612948aaddf941b98f24db2,Richard,Martin,kimberly55@example.com,$2b$10$SntQi7I6pN9n4LRhZuWosuGPdoVW/Y/Np2r01mObg3BkxHpu9E0jW,user,False,True,Software Engineer,,,,
6612948aaddf941b98f24db3,Thomas,Maynard,abray@example.net,$2b$10$SntQi7I6pN9n4LRhZuWosuGPdoVW/Y/Np2r01mObg3BkxHpu9E0jW,admin,False,True,Software Engineer,,,,
6612948aaddf941b98f24db4,Tammy,Kaufman,bradley32@example.org,$2b$10$SntQi7I6pN9n4LRhZuWosuGPdoVW/Y/Np2r01mObg3BkxHpu9E0jW,user,False,True,Principal Architect,,,,
6612948aaddf941b98f24db5,Teresa,Williams,yparker@example.org,$2b$10$SntQi7I6pN9n4LRhZuWosuGPdoVW/Y/Np2r01mObg3BkxHpu9E0jW,user,False,True,Sr. Software Engineer,,,,
6612948aaddf941b98f24db6,Pedro,Rose,jacqueline00@example.com,$2b$10$SntQi7I6pN9n4LRhZuWosuGPdoVW/Y/Np2r01mObg3BkxHpu9E0jW,admin,False,True,Principal Architect,,,,
6612948aaddf941b98f24db7,Jerry,Gonzalez,danielslisa@example.com,$2b$10$SntQi7I6pN9n4LRhZuWosuGPdoVW/Y/Np2r01mObg3BkxHpu9E0jW,user,False,True,Principal Architect,,,,
6612948aaddf941b98f24db8,Rebecca,Davis,vkelly@example.com,$2b$10$SntQi7I6pN9n4LRhZuWosuGPdoVW/Y/Np2r01mObg3BkxHpu9E0jW,user,False,True,Principal Architect,,,,
6612948aaddf941b98f24db9,Rebecca,Green,tbarr@example.org,$2b$10$SntQi7I6pN9n4LRhZuWosuGPdoVW/Y/Np2r01mObg3BkxHpu9E0jW,user,False,True,Software Engineer,,,,
6612948aaddf941b98f24dba,Brian,Castillo,susanwoodard@example.com,$2b$10$SntQi7I6pN9n4LRhZuWosuGPdoVW/Y/Np2r01mObg3BkxHpu9E0jW,admin,False,True,Software Engineer,,,,
6612948baddf941b98f24dbb,Lori,Aguilar,bmiller@example.com,$2b$10$SntQi7I6pN9n4LRhZuWosuGPdoVW/Y/Np2r01mObg3BkxHpu9E0jW,admin,False,True,Software Engineer,,,,
6612948baddf941b98f24dbc,Ralph,Beltran,fdavenport@example.com,$2b$10$SntQi7I6pN9n4LRhZuWosuGPdoVW/Y/Np2r01mObg3BkxHpu9E0jW,admin,False,True,Sr. Software Engineer,,,,
6612948baddf941b98f24dbd,Melissa,Jones,jonessally@example.org,$2b$10$SntQi7I6pN9n4LRhZuWosuGPdoVW/Y/Np2r01mObg3BkxHpu9E0jW,admin,False,True,Solution Enabler,,,,
6612948baddf941b98f24dbe,Glenda,Gordon,ryan46@example.org,$2b$10$SntQi7I6pN9n4LRhZuWosuGPdoVW/Y/Np2r01mObg3BkxHpu9E0jW,admin,False,True,Sr. Software Engineer,,,,
